sample_id	sample_group	1,3-dihydroxyacetone	1-docosanol	1-eicosanol	1-heptacosanol	1-heptadecanol	1-hexacosanol	1-hexadecanol	1-monohexadecanoylglycerol	1-monooctadecanoylglycerol	1-octacosanol	1-octadecanol	1-o-hexadecenylglycerol	1-oleylglycerol	1-o-octadecylglycerol	1-pentadecanol	1-pentadecanoylglycerol	1-tetracosanol	1-tetradecanol	2-(4-hydroxyphenyl)ethanol	24a-ethylcoprostanol	24-ethyl-delta(22)-coprostenol	24-methylenecycloartanol	2-amino-2-methyl-1,3-propanediol	2-amino-4,6-dihydroxypyrimidine	2'-deoxyadenosine	2-deoxy-d-ribose	2'-deoxyguanosine	2-hexadecanoylglycerol	2-hydroxyphenylpentanoic acid	2-keto-l-gluconic acid	2-methyl-1,2-butanediol	2-methylglutamic acid	2-methylglutaric acid	2-methylmalic acid	2-methylserine	2-methylsuccinic acid	2-o-glycerol-alfa-d-galactopyranoside	2-oleylglycerol	2-oxoisocaproic acid	3-(3-hydroxyphenyl)propionic acid	3-aminoisobutyric acid	3-hydroxyphenylacetic acid	3-hydroxypyruvic acid	3-methyl-2-oxobutanoic acid	3-methyl-4-hydroxybutanoic acid	3-phenyllactic acid	4-aminobenzoic acid	4-hydroxybenzaldehyde	4-hydroxycyclohexylacetate	4-hydroxyhydrocinnamic acid	4-hydroxyphenylacetic acid	4-hydroxyproline	5b-cholestan-3a-ol	5-hydroxyindole-3-acetic acid	6-hydroxynicotinic acid	9-octadecenol	adenine	adenosine	adipic acid	agmatine	ala-b-ala	alanine	alanine, n-methyl	allantoin	aminomalonic acid	arabinose	arabitol	arginine	asparagine	aspartic acid	a-tocopherolacetic acid	avocadyne	azelaic acid	b-alanine	b-amyrin	benzeneacetic acid	benzenepropanoic acid	benzenepropanoic acid, 3-methoxy-4-hydroxy	benzenepropanoic acid, a,4-dihydroxy	benzoic acid	benzoic acid,  3,4-dihydroxy	benzoic acid, 3-hydroxy	benzoic acid, 4-ethoxy-	benzoic acid, 4-hydroxy	benzoic acid, 2,5-dihydroxy	benzoic acid, 3,4,5-trihydroxy	butanoic acid, 2,4-dihydroxy	butanoic acid, 2-hydroxy	butanoic acid, 2-methyl-2-hydroxy	butanoic acid, 3,4-dihydroxy	butanoic acid, 3-hydroxy	butanoic acid, 3-methyl-3-hydroxy	butanoic acid, 4-hydroxy	c10:0	c12:0	c14:0	c14:1 (9)	c15:0	c16:0	c16:1 (9)	c17:0	c17:0, cyclo	c18:0	c18:0, 10-hydroxy	c18:1 (11)	c18:1 (9)	c18:2 (9,12)	c18:3 (9,12,15)	c19:0	c19:0, cyclo	c20:0	c20:1	c20:2 (11,14)	c20:3 (8,11,14)	c20:4 (5,8,11,14)	c20:5 (5,8,11,14,17)	c22:0	c22:1 (13)	c22:5 (7,10,13,16,19)	c22:6 (4,7,10,13,16,19)	c23:0	c24:0	c24:1 (15)	c25:0	c26:0	c28:0	c5:0	c6:0	c7:0	c8:0	cadaverine	caffeic acid	campesterol	catechine	cholan-24-oic acid, 3,7-dihydroxy	cholesta-2,4-diene	cholesta-3,5-diene	cholesterol	cinnamic acid, m-hydroxy	coprostan-3-ol	coprostan-3-one	creatinine	cyclohexanecarboxylic acid	cysteine	d-ala-d-ala	dehydroabietic acid	deoxycholic acid	deoxyfructosazine	dhpaa	diethyleneglycol	dihydroorotic acid	dihydrosphingosine	dihydrothymine	dodecanedioic acid	ergosterol	erythritol	erythronic acid	erythrose	ethanolamine	ferulic acid	fructose	fucose	fumaric acid	gaba	galactinol	galactonic acid	galactose	galacturonic acid	glucoheptulose	gluconic acid	glucose	glucuronic acid	glutamic acid	glutamine	glutaric acid	glutaric acid, 2-hydroxy	glyceraldehyde	glyceric acid	glycerol	glycerol-2-p	glycerol-3-p	glycine	glycolic acid	glyoxylic acid	guanine	guanosine	heptanedioic acid	histamine	histidine	homocysteine	homoserine	hydrocaffeic acid	hypoxanthine	indole-3-acetic acid	inosine	inositol, #1	inositol, myo	inositol, methyl	inositol-p	isoleucine	isomaltose	lactic acid	lactose	lanosterol	leucine	lithocholic acid	l-methionine sulfoxide	lysine	malic acid	maltose	mannitol	mannose	methionine	mimosine	monomethylphosphate	n-a-acetyl-l-lysine	n-acetyl aspartic acid	n-acetyl galactosamine	n-acetyl glucosamine	n-acetyl mannosamine	n-acetylglutamic acid	n-acetyl-l-serine	n-acetylneuraminic acid	n-acetyl-ornithine	n-acetyltryptophan	nicotinamide	nicotinic acid	o-acetyl-l-serine	oleamide	oleanolic acid	o-phosphoethanolamine	ornithine	orotic acid	oxalic acid	oxamic acid	pantothenic acid	p-cresol	pentanoic acid, 2,4,5-trihydroxy	pentanoic acid, 3,4,5-trihydroxy	pentanoic acid, 3-methyl-2-hydroxy	pentanoic acid, 4-methyl-2-hydroxy	pentanoic acid, 5-amino	pentanoic acid, 5-hydroxy	phenethylamine	phenylalanine	phloroglucinol	phosphoric acid	phytol	phytosphingosine	proline	propanoic acid, 2-methyl-2-hydroxy	propanoic acid, 3-hydroxy	pseudo uridine	putrescine	pyrimidine, 4,5-dimethyl-2,6-dihydroxy	pyrrole-2-carboxylic acid	pyruvic acid	quinic acid	rhamnose	ribitol	ribonic acid	ribose	sedoheptulose	serine	sitosterol	sorbitol	sorbose	spermidine	squalene	stigmastan-3-ol	stigmasterol	suberic acid	succinic acid	sucrose	syringic acid	taurine	threitol	threonic acid	threonine	thymine	tocopherol, a	tocopherol, d	tocopherol, g	tocopherol, y	trehalose	tricarballylic acid	tryptophan	tyramine	tyrosine	uracil	urea	uric acid	uridine	urocanic acid	ursodeoxycholic acid	ursolic acid	valeramide	valine	vanillic acid	vanillin	xanthine	xylitol	xylose
4501:P4	Control	4.607600693470576	16.024523409835194	15.581457036822185		18.440538279147304	28.61166260551064	465.2428585328362	127.3963511203404			146.37986289582716			16.399247518775606	242.6552898929068					5183.207910490576	817.7623921245452					141.70305118068987		22.55323673			17.206323323734598					6.759223668298454			3.654573612695536	262.5848786884156	161.52925782249554	5.075861036713736	8.72058873	0.0			17.03952186565911	8.070468463725186	2.698650673273351	60.84054224716865	19.435555310305933			16.471933570818916	1.936750263209805	153.6229845440634	4.022347660882804	24.13669223807925				1668.4072591874087	162.7067139484242		45.105315116183135	327.7978779069067		30.80730263177511	13.130402277879634	422.9427616881413				18.94325934029148		367.6683493466479	8.048459938006895			7.346793387803941	7.077478533619562		321.97720202614755	34.88554036454778				10.024593878817855	4.490897589990678		0.6981915198263816	10.396711714975842	2.242263350483481	49.08190821044106	53.64722936766334	1705.3060004834506		981.1310993597064	22594.846164378345	145.60956449568693	419.4567270487095		13443.976566869362	4490.323341220949	600.5428766588263	3695.272010122495	1383.5992716549467		28.94410717820276	54.12707314549507	255.32756733280831	170.41577925298586		194.9807689849777			227.0112823093063	38.14859388814947			70.08122719020467	167.5946337589383	34.90668013267194		35.724760200490074		360.73769084643845	21.57269899189809					382.4299888004636		740.2362019383984		500.6105593621335	6532.649950230732	26.98013584	21983.389665236027	1328.0207941555032		6.561146936833816	36.80839051		48.91568592409501	2928.9614969252134			124.34730155076268		150.54816183252603	39.55771870584967						105.49757844477392	9.614540294382287		39.16851530367354	3.270872341948976	22.769846956627354			3895.98368337017				20664.91941289881		282.0021900892444	698.8714674	21.95842736369765			4.167430179	319.7007675436277		135.20879857860507	786.7367417507754	14.553137631221404	80.11653574601696	5.949541590557034							4.802202394558641	61.014293765997294	0.0	68.30259080912892		36.48579185295947		613.3501011116847	1255.2802999696264	24.730922432473168	27.41538339837551		71.60734469724947	1989.049759963088	1553.7998886104497	22.706427652254902	825.0532954404591		3544.121509691363		41.55354448546121	415.1575353011598						63.96285704051915		4.688974321455317						43.28179292607666			702.4591467146773	34.022284901834205		8.466621926654465			29.67357397141829	343.7775155077111				16.694335514919562	78.50064662	0.7265709345683913		993.519582652188		767.9597046968299	16.928320893608788		444.1786723193765		3.806027019941159		4.055070863595529			6.729975496	282.9476879375369	117.16412417652236			694.6304824479887		582.5656757632221	1566.595819214584					313.3209013581051	160.95008609306674		37.658035433323306						687.2275094024303	78.26666124222147	121.46389509580152	21.86633905871848	187.14283797061813	3.617217036147379			239.06905854428388		1238.1831505168889	183.05967727814533	10.073244304089872	86.19581180396605		38.79176409368012		3.3728065663284386	3.171544390351942	1411.0638846503236			118.21561045130028		675.2815133112324
4501:P5	Treatment		9.808547169185143			7.721554535652727	4.308087385751848	170.38833366990238	144.33388305110245			60.36868258181338		1139.1488578166611		91.70993876105378					3136.22806639498	315.0640634777934					9.711720894		26.79996748200909			10.22403644538829					10.341318976307775				191.1237033030864	77.90742137	6.922851408421957	6.495542962436232	0.0					13.9093445002886	52.314827541888775	22.66734931	4.555835367732934		16.660483558911597		64.43902282155402	4.349454479990892					1019.9529851427554	48.03674266404656		20.74855255332612	199.5703184465553		20.72946004829271	4.876316702	497.9107112654456				8.457979729798343		202.6337563375104	9.4871566677895			17.19098244876835	8.888015676503127			16.890957369671987				11.07410750282798	6.981947257334878		3.950330208102096	8.297511770827105		5.949588235171487	9.580800859143814	248.2689346184266		410.3247535916073	9090.187121468756	201.00271090751383	122.83208571586316		5638.7608894772975	8701.265066019598	945.7258714074092	22366.20959145976	8999.764563			68.48345180446361	155.8143882						148.770163				46.88073694261922	114.69731482127318	15.16035816342979		24.896626563559906		258.2511326667251	24.85298655205498	13.839338648499448				60.35231757749903		780.7388983281476	74.05891786	227.2289940716145	2768.8032624465263	13.519766480916504	9749.338583575836	391.700469514974		14.434842972160409	21.457248156827976		82.10640872925113	2419.614528305694			187.71932782224903		70.65954279481859	17.357814576084053						176.30610106335155				8.706182295232603	4.2330811159777575			50.15691988966085	12.33148533431364			5895.758735563616		358.90636461938215	844.0696466908579	26.71132370863972	0.8532531416119254		11.36458632940764	1268.7883307438394	7.7992883061458755	126.9892513951605	587.7850420425734	22.630073466022846	207.30369215199065									45.65608911976225	0.0	37.31311900361752		10.811358266892077		422.1971096382129	590.0847797321925		49.19638505309931		22.84736435664112	935.6004795713602	1363.5226132188752	22.87782144800393	622.9661646507941		2364.258537462056	127.59702947205722		111.5643256619821																72.28195113920482	224.45603500723905	15.540389930285183		5.414998094236152	1.9256155076548305		22.51597301927559	9.670353799				8.988933203108267	23.35786157455811			429.1304164660579		779.5374342614027			152.26636430902894		13.773878631242058						441.2964334234153	26.39811570940124			341.50763753251226		485.6546867843593	1080.158926848332					213.9210634798781			49.22638756100896						438.30845638568746	18.37699067810533	137.4737641592188	8.302966772	95.98893280580232				83.14149525		653.8051061142747	80.51172997550866	9.225316598759946	51.71295904988335		19.553907238378784		5.573193135941506	4.501285353351777	655.2815931701912			87.64323518893853		
4502:P3	Treatment	7.5750687871817854	168.90871101963617	11.83839685474402		4.4966340449920255	3.427942148378134	251.85003963582565	76.94190303657875			140.5892788792807		61.77882074346748		195.51281740593365	6.165298603564081				2257.1263551637912	238.7827976199612			10.031855989510229		82.46116986264045										0.7559113668725296								0.0					81.94879983220754		12.907389791328786		15.744691516845943	28.04699096671165			5.9027917489592046	27.815190189136253	12.382075042148156			763.2404860035048	35.00312157377002		68.89028797549844	165.09784602830229		30.64105239576008		63.78555318933456				23.555173561253664		214.46779917221352	32.39731958585739			15.197701889762165	2.149124352091991		24.239437415057434								19.45862163755738	5.596634098577139		9.571866914009938	25.96349332827089	327.96077131281265		417.7522644663118	15109.42101518252	90.79184897672393	200.09283952285864		45914.134092149936	22826.65924005073	4901.546954700427	16831.994607579378	3580.1729439712053		22.34559495826927		174.5781967911656						132.6297820492888				43.22813565807557	106.64702216288175			31.29190081279648		282.8101944007156	210.62321770414144	56.70238371456604	4.893705766578989	684.0275374266288						148.0927001533937	1315.162653010113	4.944280481686351	10590.15598933984	2356.657695535049		24.81201543966577	15.657389925291572		49.66677856	1857.5292092611385		9.999644713	86.34006988739256									31.71727029		89.80293267239246		7.702107654891945				81.51319499				240.87352021770292		1346.8778160219626	900.0011385	171.85047361504772			6.156869484379522	2045.0822287971089		199.9865724	453.36047638154486	19.92553463238784	433.1977222521058									83.97841131586131	0.0	24.147319183969028		52.12356575752455		130.7284135932287	445.2453418866094		37.74770298825702	16.770635737595285	58.86053926578435	621.0087330431185	1139.2360981893885	10.710400083867327	636.6844864066334		49.72156782989576		30.350247783892748	81.91899687509071	0.798056963					17.21165929493031	20.29671691647937	51.66869436152917						55.61713461955391		44.05027581854108	404.1861992187037	22.220964410326125	70.16459017222142	15.960838215935745			51.87611090146353	16.504817443310756					80.92857537090487			348.20059167479627		398.5146061673783	9.855747606547093		161.46971229929085		26.02249716256281	26.169103628379982	10.89102406639362		2.634099745175084	3.0907773809957235		46.957418817301736			1032.208862543289	14.485742358637696	145.18796547440004	454.6037714612675					222.27376561705813			112.76806789072693	11.027094133230092					240.1717960455884	54.85550349323471	240.86749941828543	17.856486912549173	156.4751581				124.71694641478284		508.76447470171775	308.8916953975703	8.47848974	77.51086858153657		18.855337535919563			2.016666764906044	569.6157912949127			301.0941580719102		44.052985178278966
4502:P2	Control	9.521674938736934	27.599317274533764	7.854346738158955		21.18290123284642	8.914051305908854	582.2757681304367	186.6853673600837			115.50108381144793	48.023528225506446	359.6163960776143		464.9652415670865					3412.4327856640625	544.7513720136035		6.977600667586574	12.85241479713986		330.45549725683446		26.33651198973359								10.988140446694953		249.22751957109284					4.007182742462917	0.0				9.653718380124989	3.572446496875974		34.588108064271864			31.650141493387643		116.0516378213032	5.925169679235171	47.645302096784725	10.04257512489066			2227.788825574009	118.6561387520718		75.27035665226701	337.1684515355374		50.518365959190064		453.6565041207501				86.49013262749862		240.3364080155946	89.81975347368639			87.61138286708194	10.910928603849394		51.20991550815463	78.52332516				7.961212404706067			23.102007181833827	1.425062055997354		13.681602848568238	58.66309636718123	624.9442634003285		625.4041774207564	12536.067805891673	101.04512450999378	322.2257219204917		11638.942284856928	860.4588477808289	684.7560258063643	3422.063004787669	1714.4442098969976		20.73753437121552	100.03801351635607	238.31715047335103						259.22757223180764	56.56662698209208			75.03200705043942	150.9793661			38.43359354164517		433.30167192711696	68.21162759908184	13.718530251668287		1463.6131458215907		469.02222035312366		903.3942274640344		298.44335531184475	20572.677575136426	16.081884050071437	19810.445060095622	3596.0224057309256		79.91481685125956	26.56367146940965		110.455457733323	2694.6765301267283			222.7158821696878		29.22859905979654							132.90899733647566		240.07120212060337	36.79591916476876	3.646301303076073	24.12926039534429			2.9687394068009274				874.2087103745215		2574.9942571733613	2199.2763943319105	147.7739556025682	4.0032661997098815		40.19771629883388	1134.3801694098108	8.279011873809521	247.18028672347043	1148.070724	21.40110861480126	584.0773777968332	5.500504543584606							3.885769917118816	79.36370334	0.0	14.935456035647183		62.76819267847004		345.08826048828274	1348.721923667401		45.62828257897144		53.41381006589848	2238.577781846407	1862.6266049580968	34.01181677346807	1478.868079844664		88.62073188514994		50.32421733986103	269.55101942270176	3.1466623490102554					90.78154447261043		91.86083175412548						121.55046384656508		142.24099970474415	373.7618294893634	52.27801266751817		7.265746312988473			121.28973400043442	50.42380942700965			5.993429424359506		97.68976638			1000.659888217349		591.3789325007065	23.176421494141504		447.6731458063271		20.90146966073544	12.66218272056385	20.49526823			6.043784974		95.41537405555904			1827.696638662096	18.037917402158897	436.7588601658322	2800.837778484402			145.0379707365191		414.8390893893075	160.7237244624264		192.85671972665253	87.91855172014145					593.6790621089534	204.9017672105595	146.02717753471433	40.44166096173724	255.95166397194728				165.3782557713553		1294.2931695223588	542.3337461227653	28.14539523552843	339.7253944		45.04080117			6.8612233972106615	1647.1462557715884			299.41353890238247		116.3962935835703
4503:P1	Treatment	2.2124050565938056	10.471764562786223	10.388404793373075		5.164015127	52.09495236736964	147.07329611221562	103.79394583002684			277.1335375206367		445.0611800639424		1.6999876504953373								4.823220775823979			196.7367175585414		11.203614303075184									81.75570679142585		2.503551310058844	7.563673195281218			1.9151294083189765	0.0				3.736479076048162	42.27259718468071		32.338687016453584	10.19624826608615		19.316787743054103			3.5568878081213064	36.708639046093566				1238.8794083496234	100.93274433281674		42.01025908682168	436.6908785116928		29.60957397739445		219.9894961787024				36.092941337450135		170.9123513	60.24367629724535			26.22124452654237	8.914591811359001	2.734935964128428		11.986338020285404							0.6006806913594487	10.942808553918606		11.852104273950996	37.93850211467798	661.5768417341959		999.1462121	18920.648327664498	568.2237070231662	278.9558065975873	87.18604412315956	15179.91208	29132.124462216096	801.5780421148756	55503.52230576261	21326.006732870508			52.201910306800485	261.81403460278744	77.94628791714118					182.1987124789404	21.95855690607372			55.631000233137655	131.00294233016692	31.98164976878329		30.69171863106293		140.4667279164831	79.58773984720304	24.69717050708802		10.134954317988246		725.7850105944137		639.8318942372435		426.8985573635717	30100.18483557813	7.979552633125492	4750.858979518039	75.43936543993695	3.168284177180601	14.70962813427523	15.389378018680972		73.20336221332545	3297.8617287477514			136.2938359299779						28.572173905837445			101.2088735689978	4.766217404	609.8327972196869	29.578620533605008	6.975251293541351				222.15010784915347				8133.890794		1111.947610052119	983.9759599251342	47.670448723922526			41.65107655096797	4913.582459398092	4.976149176328248	111.8706493708875	543.3671722510235	21.56842092643057	174.84558399537545							6.573469463759599		87.78120835919019	0.0	32.96173999886876		60.19433466902653		289.3212261604238	669.4390164567142		23.43941869211905		27.26324164420673	576.2575048003582	1551.3351158103792	13.08227381227591	948.3825642646818		1111.140981695151		47.57636251359225	135.33765033965062	1.2473318437923244					40.27288212798662		30.207802910829987						73.25331678102525		89.39599742182945	1389.5589338981792	27.781481975374497	55.61353145792977	6.389894089206379	2.4732108057503823		39.05589078850276	10.004091738799223					134.7476960892083			586.1298145507469		641.3538229685145	7.293060414428978		177.61729632836258	0.8133706912591716	30.306792637008098	13.973794287359908	7.270381653632755			3.385877692928157	67.90909744636909	100.52881721485156			1405.4907633575267	15.005371433847614	325.4782196736362	5059.097050410178			104.59413832244496		190.24752727341647	301.5089148002108		63.25780619495973	9.272548468250752					336.6848986741162	105.031777111864	264.4757242989388	12.589163999828278	175.37148607005545	4.633822476			75.99070450307758		751.1413975132947	338.5859304743728	10.528461464776784	112.70455353475948		8.367236854844727		30.893375720305023	5.503277129970213	715.7944035241961			287.2896382507188		513.0695737
4503:P2	Control	1.0474542171837329	6.952024130347161	1.2154612793250068		1.4249070806539406	28.292749601453018	63.46703243452637	73.89247870884786			42.120901910482985		200.06916053503048										3.353835347731702			107.25021333383609										26.317202752789136	2.9768329053396214		3.4567565640836624	5.653234951568708			4.011224911257679	0.0				2.6750507829947057	3.1189407554886075	1.6681344628423798	21.01236850515146	7.036703293034989		25.031926206354488			2.668069256283742	25.350373908590093				1065.3766970929348	107.08310711385109		38.9046702	290.9010751500688		27.452714290746645		241.08720643572016				42.78189484263397		220.67142064854755	47.41064705200342	12.981360682151696		58.24237313879525	5.0809749718086845	4.699468318635337	27.35812586434003	13.250487276332423	8.075374299				1.7411026774989116		1.0686240078556897	6.351838044		8.683442754666348	24.870450249846048	393.9040429277088		505.5341508252493	5266.413780094543	39.046327631189854	127.93647697842376		4023.364660155351	966.2180732171066	245.2880586208692	2274.7185556505115	835.6900985656805		8.220860307430184	23.680662971974268	94.80755626112396	69.55019430516704					104.21775342534778				40.50929529294551	84.75100484978825	16.245787445875244		15.590424777200836		447.90142261569855	91.10284289353152	23.00818430233105				590.4986552660695			100.84995502419416	219.2676833585656	17659.16397213968		1892.5988793898323	20.865981654760272		32.07898918418639	20.004776553381948	37.432018487183626	49.16976657262739	3216.626502438962			100.81572302225652									65.25903269385358	3.762592476131719	544.3446830220397	22.234135679570244	2.8781906892298657	7.760079544506532							13346.269769017154	23.712417657982204	1210.7953673766915	1392.9494799503093	122.45552808923854	4.270217031180554		38.66437055693838	418.43149752656126	2.8941806375033647	192.2230505646017	505.2751587053264	23.93942988135808	176.9726937013866	5.517883417591623								38.69837734833696	0.0	25.665218242200684		75.46354742935394		202.65818089210296	523.2386269326378	18.30556303614882	20.67522833	2.0904042235861984	72.29078135502918	869.1070635624424	1344.558491421763	12.002370468843226	834.0769154743696		1154.4202148172708		35.201983729378135	133.82775946978248	1.4140969747788987					53.41183228642503		48.73803796924292						63.52671322737815		78.75905324746823	223.1633752632837	17.94297407		6.291256408735234			62.500654011405445	49.109635358697474					124.12253649938565			477.09141100478007		236.65416218479675	6.236980668820962		171.99216263000014		9.727518814	5.184346609238773	3.839839691030455		2.0338763782812928	3.492565039794738	49.06571930358012	86.98486819			833.6165851	10.050245516241938	252.08513790034075	2303.3455176919347			105.75188761744748		157.40527601486573	141.88556734693077		109.12621712423396	32.98748849876802					264.9689824	77.04047162387566	59.27676514471331	19.78181811970921	89.95697167077711	3.752458001873866			131.44615801918732		645.1793237295776	151.2838283525843		138.53375889405064		20.365789047500527			3.968660119374702	647.7476247170563			136.3654318239485		387.5627897793015
4505:P2	Treatment		6.516156557619257	10.678802356005315		7.290502031649432	3.468276877442508	268.86556267040714	50.43324410748693			135.2091336558261		137.31156560806429		158.22112323642602	1.2158517243411031				2131.971098868849	167.6773843794492					4.748942313950468										22.03829734506576		80.84351081		5.368834928023386			5.003291537614439	7.816295838837899				2.906805797501642	0.645461326	2.6759441117329983	16.694733818575322			2.0707683726704444	4.786552106	56.47667680113691	2.9258336763029207	19.50387308191728	12.028295197864775			370.81411283690056	11.121646504044458		14.21010908197706	84.79997171		4.752658696528843		28.21284402			37.29003413610971	10.698573511322268		179.50990054308517	48.84857857606791			7.131886823204397	4.970587370924741		21.782758878976704	14.615343438323048							15.115122567462894	1.327045891086077		2.327198770578306	23.637382440888874	284.61588934816587		480.79554961889966	17469.47159395047	104.81075937305462	263.31492230664963		35936.44539468298	40007.23470277707	6898.096330653386	9710.426034	2992.988709494153		18.87312863	32.30383795835579	238.1747834063692						125.47161667927152				60.25162957	99.17493952060076	13.476941126915277		18.03842910361252		87.64672076248212	35.89490412	9.445260650591148	2.230126857631156	18.977484653516264	8.576519059070252		5.435283848524727	428.4560985593128		108.63803880756812	649.4256658	11.529556655846877	13362.053024542702	3415.487595435634		9.117475707178489	7.321125024095241			1994.7409963669024			57.82260191572114			7.246648717224611						40.14585116463605		53.84176155306917		3.6799620291067376	8.868329419124242			57.17327555162748				220.5418859697089		748.2768341065138	461.771238544896	5.236085742323837			2.055308221144405	818.6991622053505	4.021720571014084	126.65089919904142	203.8364489693079	12.905212831058096	75.66688719343936			19.696233044173955						39.27339319053679	0.0	14.795067699813254		36.45340209006598		102.01485043169168	172.08486546209855		13.491212036016236	8.407052013	191.81454594947783	397.4846580829559	1141.176516674877	7.884231312370592	178.05367319357478		48.73218147371322		24.25965353981196	34.372822467388616	0.8488217809008067	1.0465333340703464			4.943680761057308	43.32454751157159		55.39506082						39.822823190923714		56.27792466084543	172.84494002702775	14.906410521861364		17.77382266403223			17.08688650824543	9.683852412					107.24811172325596			211.58778244067577		435.5949721817645	9.286496786842974		50.73218992		13.71122188465602	11.26346366323524	41.59509171489909			3.977867256589262		35.951541786682235			448.4227355998892	9.228223908	90.41646637049328	261.3288874567661					219.6044656281396	11.545611428585456	5.268046632497861	42.923772814319655	8.550355725718493					106.01367808602296	14.039006828068684	280.4070117505048	20.40308901058084	162.38540424314658	5.755487371477501			19.76877683210383		172.3187002539299	94.26321965	5.042239227035807	16.716883458742437		17.165525163603846		12.31044296321499	1.621532046596497	203.6093036661176			116.42609013881038		12.477234213332451
4505:P3	Control		12.525330140391642	18.11486276155168		19.6909336301274	3.0005616633301027	683.2002055	73.63576252817558			324.96735624283946	4.121057159	126.82714520070046		219.30838923008628	2.2517087733771426		30.17696196927353		6805.130902262044	942.9857636899412					23.03098454970197		3.762776984033152					2.659402103241868			14.3669793201254		72.16881817739225		9.643777625929529			3.4444449098096546	0.0					5.255750236381748	3.703620389566608	10.702054302939258		14.131327286168082	1.1156237756455336	1.6838054664983182	221.74953829774336	1.7195778071522052	7.516367296925616	12.668001927046246			616.5030242848496	7.299506181210615		34.05972244608353	34.071275381002884		8.372815592814197		57.12550499253053			39.71648479695496	12.137680456652047		406.8128013550885	149.86355823789464			7.987810556827231	3.4273242954111014		13.460282716936998	22.29034398698084							16.94022158342658	1.934490235049486		18.14186600702581	132.34819536426627	1268.5281220309955		1244.2498380859652	15987.09568348514	54.60070154069843	440.1634798194954		17414.74795	990.5245597712044	332.9259364824009	1896.3180853480749	495.6760280669006		48.35501789291418		397.16944130512	41.35950701126811					257.9304074334167	28.64932991216689			92.17001075	194.3870383052075	35.011656445040465		54.99085668020365		305.9495550617479	70.10139959477678	17.37658846260921	3.007382070692128		3.77168527119988			460.2540336442427		168.84015859084013	812.0873921	12.584486734858183	35995.507862571874	2454.673378688012		4.439667616717397	9.733974033492634		25.70806403529032	2771.188440713472			56.31025752478806			8.27037029						41.94898507612886		11.257708714963831		2.495990710527225				6.919651248741911				148.04334462415585		346.8671275143542	409.51048125475	3.1858261980006213			1.904842341822724	181.94981669257427		128.77193564278647	241.82589453981865	10.852381648877772	59.64961248442774	3.580435481089216		17.797644223224026					3.451404509	13.090588799517842	0.0	7.133589332730331		18.080621532754574		112.80925938392116	317.9541679788469		14.592748723007126	3.511953023495005	322.85470026445546	598.1484729217183	1682.1002254658254	12.169416229683517	149.85242287893624		6.417446559717696		5.224153655337264	59.39948448382449	1.4740431421193017					45.194803020517895		10.735321187827504						56.36134098400976		66.16337989913566	173.5815944353304	12.077271134302688		7.200401486	0.1056467181178989		16.39013485088121	34.32432641333271					153.75397427398855			282.0832793981783		304.0348300888495	24.93610527549865		83.73873451915246		5.570045742982822		7.429789881023993		2.5724071113793023	3.172185383276571		29.32455024100738			265.57691923816867		130.94555771146776	128.9513541140038					377.4292337116017		7.437306248320919	41.53864709851151	8.042652199697391					169.8998271877197	19.00249006	174.26349597954595	36.97690810921256	255.4269003555925	5.746123606512655			26.737388779008185		246.15768836662647	84.46002739568335	5.326877341728581	76.14915223707531		17.78553452035675		14.10279292883716	2.5228547640143857	393.0034251348055			50.53114541736112		5.5565441202457535
4506:P1	Treatment		7.177371368771025	2.5516664284193857		6.750258675993721	16.202110373853294	213.63859553494967	95.84713212527149			70.87318268042165	20.54544816628848	427.9458701529813		193.38069556516328					3152.919021392533	293.9260673109851		4.108571528399133			7.547816343										13.01220352279246	25.02932190160868	256.9152467395864		10.946260399275245		1.4461601864620528		0.0				2.8032711003587085	18.604174024362813		21.181098064637112	15.157481452777036	19.302644136812127	8.093121706279913	3.345014493092925		4.601418775106532	27.60495067973657				801.9100712768189	13.292951593025917		31.36671576843556	338.9111692867311		21.986751119701506	11.767780415633109	417.5264576317567				32.410049427365415		376.40220829890967	204.2281922257751			11.57770069564806	10.015290731546088		101.35167243195944	24.926348560969423	3.1008575784954364						16.790159388321516	8.594064341402348		4.6321812510836695	12.730807821485804	194.48263983621803		439.5850958005837	15539.44907870351	273.0088789086782	194.76921658611028		37981.12994103854	13597.859540445204	8363.002527	33452.563509172134	12762.017162903452		31.864420248191976	51.23700854091002	240.9495217074521	35.498925831006595					199.96580831749023				56.76194922640387	144.4010051299019	14.740407041634372		34.77131232026316		451.3136945	384.6219418800008	66.70502909328785	5.695267657746213	453.9259144700518	12.573757286234104			674.6350222466941		192.77062709420613	3777.388864524468		28926.76829066797	1867.381055550896		37.03154476574123	15.08721348133452		87.00567271390562	2653.828611139458			128.54634882682197									130.3011052196652		90.81924828846084		2.974893334757474	29.571482433517147			181.76284174297663	83.64446744398263			1038.0230841295918		1165.0439379634845	673.8028163176283	49.73709497537213			6.046283699	7168.105387191175		132.02768966082414	311.2589415386507	22.03694252787473	177.68729939931086							4.465092434197324	7.106131950718709	58.25700555889275	0.0	33.492888581760646		163.62204775149053		49.41943193396612	210.94477408596228		22.91092066116203	59.75238570691822	391.71706410247504	265.18290502009444	1725.3134651777434	9.265981579850346	494.1972336794905				45.49381618	89.31706801416674	1.1482498927887237	1.472389245				83.08459038119872		30.2087514095488						69.45454681		270.64988272453667	528.5411094914398	9.513052834277248	77.51399170504406	5.182020032232924			21.75813735086089	73.06638530982322					195.70990071993748			347.8672593980538		424.0510168787392			107.94261386394524			11.09294884	53.78446536735359		2.3120429313343167	4.037655925883416		70.34115375378546				19.534172245482164	195.17107166703263	758.3092807					220.2373085398139	64.86964263183084		46.09481781967907	24.46847339221497					238.5358006976249	23.940654067554625	262.58331389225805	20.50335214653029	159.99822808138373				39.74770948675416		428.5850820222325	103.051703999117	8.074988036	10.8024863010242		7.688028469991504			3.885138808144136	261.6763065742374			88.46899512380755		131.36354399525453
4506:P3	Control	1.0469005913164198	5.822660672146108	9.045946235		15.766957390432136	16.646927945182227	616.6284767628749	146.557774			159.1457591296432		400.3941558		411.3211492559967	4.102752557840563				3793.987129978692	533.0144048120687		6.450599603060767			16.53690015335797		19.10404744269472								23.100297126526907		320.7967277070013	2.485822399727516			6.982106853726704	7.6415182651402915	0.0				3.96100050567338	36.97613610873931	4.5395905871657165	32.40129634341479	14.093376767421017		5.828955168245895		78.95387881836864	3.662389610699528	28.574998054276843			76.88525562013494	2170.566591047234	38.97476451034339		64.20486733719392	236.95655745629068		53.75927694952093	29.619129067309352	833.5838951923294				50.26457271491968		486.2442845519064	309.44548522049104			11.069500841083784	13.431447557567514	3.720550754661552	83.65334960646891					3.779467238155549			7.1178161896380905	17.02585661038935		7.677522782831069	28.35494247062832	225.4670878354291		414.52529955063176	6742.383487564791	23.6093959710776	173.68453444108508		8276.496456933262	636.5092650242833	353.90905032984784	2102.2013135679254	1065.6234440753112		20.33273308137296	30.25210359510384	267.3189406230628	48.23044335531282					191.18776563568213				78.01499178012455	163.24800812779577	36.04052220846712		36.52494662830664		811.5367931532187	593.6034618097016	165.6598072533898	15.356808024570077	294.06601700996174	12.62675917617086	337.1238952503144		446.9653699900212	62.13372634	185.59825309907217	10663.929336345178		41578.51379094071	1463.169214506848		97.63619502237768	9.905522622311349	113.133244420051	57.21848022611933	3491.632772284376			104.98564866848793									121.81259920212402			31.31108961893185	8.543393666317641				65.35600478392278				1497.2101011943353	10.194565883213524	1873.0741021403928	1681.4671230644649	96.41808413714708		2.845112237103305	28.166359367478726	609.3490179133945		121.86622830889418	768.8616202757331	29.34695506	127.8515387602588	4.451971201456693						7.435814132599283		49.82018129027479	0.0	51.935635539490896		166.5072982		87.45295923214378	852.1305021		21.46624593902244	192.0397886277493	518.1226341593508	1663.5104363708392	2117.556610913432	20.39844762065473	1686.2114106647955		566.8382572740352		30.110099763092663	348.3993520037831	5.301728174927813	2.0066853566118		18.21677527246888	14.81296356154856	138.42906178618327		61.06718692137255		37.50059352377348				99.75013859252984		364.89470848288255	830.8241363223392	14.594166877119994					81.29366890858111	73.34674169267919					206.7759593368804			838.0444269084818		238.88116258376127	15.663475874551656		313.6401374213885		9.376533170085326	5.593289234269904	32.70871953292835		2.5631188118328887	6.4712455502680655	56.42285591910639	83.30513808222874			882.1333436099794	6.395963376914624	527.8597160660319	1005.845118175331					307.3781209214773	120.5957472161134		92.28511799802756	7.982679953748697					602.8271646	30.460577305928748	133.42972120388922	29.75483840322074	197.4606087	4.892585928441719			184.0719636847961		1404.205648182024	104.53420740821126	8.639573567	73.39558698241355		60.07240475776236		3.406581289204222	2.9840947109865814	1083.2163088943694			116.70146836909774		271.9937369864519
4507:P3	Treatment	2.6443771705298147	10.548937980396849	4.104203977584432		8.216571012803838	1.144642081704211	71.71971737	166.07967509956717			50.88714078682558		971.9122356513508							2145.990303	217.5618121		12.649111308595026			35.41542554933713		54.00270778417421								50.48125542108657	17.867572653353484	687.0065585850746		1096.1054480130558		8.336749361318741	5.259730136135275	15.456749631824332					1.192713421110172	6.099164562931826	13.420973758302065	28.17207240790304		12.85318774946939			5.355872814947199		17.348764990330658			1002.6026113396435	26.06736404768544		57.01034101946039	698.0684086868689				260.2341958741715			25.90228888217817	45.04738005540517		106.20455435343264	304.20813385057755	12.652285831008626		22.89646965969976	8.172127699013421	2.596759334325797		11.501294704477214				3.489253635749682	8.887302248477582		2.714216663629042	0.7949911130061337		3.535057459145928	22.781733349608167	323.6724912779724		267.7405808727325	7077.672549152237	114.92133939797964	115.95305918240004		10889.250411160512	3051.3264547805866	797.2051156380195	15964.056907149085	4118.337404872988			44.51088576750656	132.0623999218204						113.69642724953152				39.475186213131146	108.01312512278146			13.100346994528342		452.22840444236937	369.02190446587167	74.6547901	11.203796604002584		17.278471994029488	52.17645038994962		295.77478830724493		82.10267318296832	1733.4674645846287		6445.619694565811	381.931326612382		589.4280886358003	21.987195739803976		115.98571141293996	3134.8368019023856			195.6766545679752			9.606104823557288						282.0685610349207		116.9738948899738		10.04645643264397	10.504948169808374				294.65962393366704			6032.890965509478		1143.628048544666	1016.1378679048354	16.082584050505712			8.808392691339495	1858.4311788864347	5.164040960525296	137.2677096737225	576.1372702964559	27.944867303729577	456.29768867340414	11.024209336033143						10.972509971011636	233.02173624158	72.27072376484338	0.0	36.16325233		46.082274362239176		85.14386565519828	258.68321492352635		35.69977205695542	123.75104673981046		230.76873233432696	1750.575419374728	7.798894563814308	745.1756002854994	6.053814242737523	1095.7177027753944		58.688756369851546	58.11144679377808	2.4108230215291537					13.993748302356112		35.00817967399229						49.84362991915467		373.9188320404525	249.90520694671704	6.300066481392589	93.35635513918464	3.3468536303395697	2.020356764656204		22.55951678065609	12.989692213254244			2.782242143920496		780.0259608452156	20.127832611837555		197.9237629336029		370.4790102537147			70.76191861197893		15.639057919005433		15.644953460630692			3.794914793859285	146.97539921451502	108.19452640355864			622.8521816254057	16.899796820407055	139.81957219105593	658.4666950803957			138.34477977833723		185.2959662754992			56.91737286306207	3.902395052719784					250.7800146232652	39.74184609587365	91.4062913708296	7.529513661860146	61.08960232093796				33.703904465204126		356.79092310946805	132.79435408975647		14.29578143485017		14.134787798160396			8.936280594287428	376.8711378851016			94.07697173		114.6574005344488
4507:P2	Control	1.8621965059736296	7.578337491628504	11.518014560251356		11.14629498943293	75.57274793851492	259.0561529935095	104.63122682540954		19.328570940938977	103.2743233806794		287.1592956485684		16.975052610438258			7.783037278		3291.409144756566	518.1576066636449		4.774140934321163			103.3829179933388		14.907309576409563					3.926764258930412			95.48535891		200.77789094126712		7.224399494812782		4.567112608432541	5.041922971385691	0.0				2.605212276800894	44.49203837962232	4.4477220401286734	12.331733256279843	2.4216810308444154	22.077940978404648	19.21214396830223		56.37605700476266	5.199416912552494	11.579191642236848	48.27083454060166		30.00174905065711	1092.1779332254266	11.765051427646062	28.24031479736547	44.995426272222666	110.86133997390448		19.60587882121924		200.33864372631933			32.81864673	50.60000904955106		239.65031687982065	106.47860535304756			9.560982992929972	5.616860530806444	0.8723555531564543	29.192264062724504	27.93294758960445				0.2665119246357622	3.776255936121813		1.42252592	5.111567469562947		23.52989116988733	136.87535936905047	1153.2739397008834		735.6616081793123	12646.585024898171	53.03566131711189	290.7014275269879		10468.379254512802	361.4625662145331	277.86016750136866	2091.8726299503624	770.6519355		26.69649314020216	22.26380076381386	174.85574301180174						159.91837410791138				53.49565370172944	144.56546675441027			33.031390564070165		392.5716416176681	346.5478476489558	131.45219098363063	75.88583065220537		20.79195214428054	127.12978670314006				161.696319822777	2592.673091847916		17789.73299326073	1193.2786708696806		12.649049678066191	21.957703668481606	51.88642125448475	43.071205942644376	1933.4957489601616			60.41797812390105		28.033498156881645	20.51316246616672						138.02523448789202	6.007208417246751	105.28342955758012	14.306546397603933	5.303566131711188	15.605448041420484	159.12370709831438		126.23181721600352	20.3167184105178			775.9046971139077	3.4337489511649704	1545.8038792938069	813.3586192	75.75035199313716	2.7116900354123223	0.901568139	20.74347618658269	493.0203882	3.9815907787720817	196.4114560965793	406.5102787817399	14.784743727033783	91.80266792407797	8.946460262812723		22.05486726928209					13.410905449920133	59.47132099366186	0.0	15.986693455454642		61.26916514		298.9836189895568	357.6393161		25.72951421110273	41.60972990794596	87.91506546503446	612.3112527	1109.8722928413551	10.902010032300549	657.4034191955794		73.24103320470799		7.849718181	89.01752305	4.926342740368115	1.064142529899902		42.12327869997642		98.20297613802737		58.32821980777378					4.0992878638375965	78.93791081852659		180.2177343152361	1032.5180005360933	40.49245434144274	50.84641086073138	3.5645705313277203			91.01773844310148	31.16136169811915				2.535991149433225	163.2530542896327			346.6896768701678		348.50149224980044			155.35062644326447	0.3742597956759552	18.19753582312414		7.063518587169271			5.019696004	2.4604194599217344	82.47115191			955.8961397314188	6.494719904487545	138.61731856510104	556.7017085393628			130.36539811541778		197.60239818395087			101.76924015259344	3606.408458102034					212.29442370368488	54.13070991611172	116.70978433755566	18.22251470088985	139.42743860924804	2.948777688781705			42.43572636		391.2623673890166	114.09970329644447		41.61036496416034		28.081550743769903			3.36389276758292	456.5950455560221			146.6209320349609		50.50263376334577
4508:P1	Control	2.9987655803001565	12.327414218719843	14.399162478504168		29.59121218767049	11.488275232935733	433.5682473190765	94.72491596848982		3.7893402232062128	277.4788152425276		403.4183800034686		13.694483952253178			15.309661315047876		3856.059371078677	567.9124167250365					106.4431284983176		21.971896270686624			7.170343522621417					5.505280338230893		202.14957278443129					7.883611660537912	24.45924958720969				3.4107365705650343	40.86739008640409	1.5481123178678566	14.84945635158438			4.529698675		114.53520342658376	3.174522249763601		7.44124666			940.8641048903116	29.796371758604327		63.19212117473538	39.33480514347004		13.549451662977892		327.79246557323296				14.250165753075573		154.45707549042322	68.25767946962821		7.949685596426427	27.121368464157875	5.1557492173806585		17.037494738532484					3.438487624						36.32678921214549	220.994520039194	1195.6663453359015	7.953319662900294	701.1168107369194	10260.615557472936	72.69553537358019	315.43630919240155		8318.043824568733	501.6666886032134	317.70793110824866	2416.952859312574	718.3819301845879		15.28356211037191	28.603737215816665	184.3383522566443						146.9187001449028	27.223122325426186			48.93832135518595	141.5670417076127			44.176372795700814		114.61515288900884	37.52206671236869	13.885767996650422			13.315549929932558			542.0015227663562		86.31006986340824	332.35916565216746	9.941484393785649	10750.874911414676	107.52277661073587		12.36375488345853	10.443315936858903		76.61603236	1517.858053733545			144.18290882943893									159.20118408721845	2.964076763958688	34.56162401488387		7.633852182879334	12.15132717957696			21.14696318111854				148.3700141		314.1151608443108	559.6115481593625	54.45318241412068			1.4572606560211516	379.4916863395204	4.723625676669785	136.62372019411362	404.54659245876496	18.636153617355053	440.9440807823111	4.507563906314348							8.846308906433547	49.15966904041247	0.0	18.632189181201745		43.55726001642545			468.1619171928663		32.232187405134354	30.91335164479964		681.9649500499546	906.9305136360482	13.611230793033652	353.2226716483243					72.61789849891117	2.092561549589203							7.941426354440363								173.27030725595952	432.23685751092296	5.483806309067126		2.7344698367461056			12.121263538747684	16.103539654748356				3.3337604352549173	23.11827905835233			303.1574593165598		336.7719134604818			149.5249865460252							3.1755133588019286		6.379108140356474			559.0380263958504		86.2552285	145.33061309582237					223.50400812423973			41.190822002578365	16.709768016525462					198.81878567629133	90.772373123639	68.81104868269452	15.128949100392791	96.95226835	2.3846083462164294			48.88579257615458		401.3608376399004	188.7197149454116		43.94709623816769	46.458236171610615	19.858851800971987		1.730476380920152	6.354991153757168	560.5676380116693			176.47885758270564		10.097088512803094
4508:P2	Treatment	3.345415600007484	6.776366101796746			2.346977610857964	7.738861233282647	111.07753433991938	44.35212143826052		4.262185957	110.4216909307788		154.5556528722076		5.003564267793052					1540.4974577627013	141.70744617610924					31.31942323858496							1.430207253994768			4.440307840102412							4.650277825061403	0.0				2.3574419871397767	23.230460372743394		7.229746578528345			4.660969687784125	2.2259548242943854		2.326048858294337	4.669614172538667	23.298933791457			359.98569092997707		9.932058010086138	37.23771048527303	140.7258422	5.2453823544793	14.55594741		74.13737611935531				11.27900522670822		180.79621383105865	90.08940781521582			11.955549901971532	3.953941829										4.467151240129673			1.884042703608186	14.697216487806578	143.74526971377188		292.27708163070963	9175.796398767296	55.398408035918855	115.85793440918071		35033.68376147717	11293.038410275012	3084.564405269705	11684.987083584909	3667.670845		13.954018285356934		130.31378778318287						90.06916152197493				34.67848802504698	57.46307497360877			17.23937746496445		96.97792473	51.24973781306175	12.891656606311992		34.08474841427454	27.50766043471406			149.26795803971922		52.344402566715765	292.7422914023685		2996.750089	55.41455957322338		7.687676784078125	10.66956905151306		54.18545033299216	762.5004269607703			65.48811414955492									99.73528788263846	5.412357402106492	167.54785848540135		13.684446852879791	11.161849709640094	122.94186217908644		70.67594243448424	9.839926002			370.7269182103765		458.6497451623752	401.0201501140211	102.73583403822792			9.100140095681994	3568.5352111967773	4.697367518329562	120.67268493101932	170.81820355990885	17.00870621388274	328.67331977106033								8.714778064782179	85.94778967202691	0.0	29.47996787739493		77.69890383822631		43.38098182202008	113.57283311025		21.65306939148052	52.40150166338393		122.95755874350913	654.3959129170902	8.663593615577657	324.1174488189762		71.57405890319289		32.52828618557529	21.531819118476022	1.315554087776641			4.450772216384226		15.090540544138207		18.48600316114567						29.570052507994887		65.54930800215942	458.8838287100706	11.184370867290085		8.368316215277801			11.973293844362432	13.957203095529664					54.27871977376484			124.12524664469494		347.9370990736738			39.440916665476514		13.744730759720674	7.3960391668328125	9.313294890813708			3.782417052993638		32.60563157548434			702.4760821489673	4.284252141638852	81.91741239844248	262.9160891619101					146.07700573308892		2.751448502794133	47.49848640247264	2460.815920644755					106.01141130087636	33.387502472888514	156.88784386440645	6.727684003442224	80.24106481538419	1.2366162927812243			17.736662824791484		194.9304013776155	140.7620125276915	3.8577150649345113	7.2338413344647075		15.626498598919769		2.296703107417079	0.7457005532996419	144.06830045986266			160.6868674275865		23.1749536811616
4509:P4	Control	7.166454178794513	13.26943721608342			5.010769432499371	8.443651329334505	72.65284033316966	193.318123116558		10.866862080041658	351.83354511369873					8.924166356542857				8703.896646700827	1301.4882169461084		3.2147339703724462			313.17419501056776					9.40984028741756		4.671755762996546			5.147848872776601				16.82760677338699	30.147159053657788		15.08537130663769	0.0				6.5554925874513765	19.14469151	11.417390799864725	36.51840508159676	2.1630546086756373		4.104276359698338			5.8723063447793775	41.040552638269226	40.002139028857314			3325.6931444007205	154.2254251054539		43.891215407045166	236.86663992291005		40.26892804703128	25.36559234119185	1320.167870135714			98.75762987112527	110.92969457875282		608.3408682806312	176.1507656874301			22.324787122999112	17.908765584605785	4.560470841051053	52.66577355726395	41.02065401				36.283306471658925	20.278913326173363		8.624949943894713	1.061260182791454		21.252472146636915	110.34821243693168	1222.0595251403104		1583.6876173576889	25311.625786924425	166.4085446066522	490.4459167660714	220.1657947824676	22161.864523298435	1342.3747394606253	1810.742022507205	3735.637317398394	1076.3779814925658		49.41419027498902	460.3415029142204	517.6694514133864	20.08287498685217					406.8060855960579				123.99498660689648	255.96269033701373	39.6321719373564				953.6808276508748	503.3999238722696	154.68309355928272	10.849174410328466	275.5503105718966	10.697355245290249			568.7241730542737		250.8686414596148	4515.944344	32.27189037795484	57030.724897305394	1584.3420611370764		25.201981396344834	39.88864314819767		107.67442636528764	1557.5636661775436			144.6232314099054									152.03731296468456	4.132281836744224	63.43093153645477		11.305368891681182	36.197079081807125			119.2915404356638	35.40408188966573			1577.9229110036647		3660.6600224704166	2328.678262938766	63.14645484856761	9.56460739740798	2.180005292150778	13.397672821504058	1060.2564075352304	8.961752654683389	252.88945772434684	1297.873299448475	39.32411168985166	155.5755838935608	9.168845787575332		52.082080456728654						64.62558622833319	12.07330855172889	5.536240620228752		36.30762701751457		216.8441978	1375.315076356491		84.41735165115577		246.7341486641565	2667.8621762625817	1509.1598840349209	39.14870896519586	1229.160387543919		136.16999925947624		9.968475855859172	282.6349592782676	4.973183134358841							188.75101939936448						97.05740261994482			785.5049900453795	29.17728516438449		5.023298198546215			125.0216084364996	80.87465880485122				15.447231549520051	549.0554843332055	4.275994153		1852.2188709984007		1440.1831310571426	11.376856556771996		462.8045109217824			16.546078030452037	12.606886588076812		7.097177472417849	1.8852107969309293		72.11705134			1732.6914949665609	14.314483701637789	451.8499474794128	816.6706640800219					466.4953380019348			484.9398925816027	12.278927712144734					968.3070565312076	224.07845472027307	252.95726045824748	51.50059831	362.0909195748734	7.722878788521975			102.0165830157807		916.8322527346317	574.4159177707311	12.726278358640853	169.5930621412646		42.21530870172033			5.816295390687607	2036.2708661439608			363.0482646980998		98.12455869264066
4509:P2	Treatment	7.830965640755905	4.332113999962143					22.849785342649817				246.4698074912889	7.336264425665217	30.48750832126093							2749.425678170281	256.7758251487955		1.962958962066886			37.04268590653686										2.457273691833286				3.1228014202599805		5.3249947980621295	3.426578885151607	0.0					4.400908387685693	3.4745030653635176	12.089647429103024	2.7455917437533293		2.140355725915813			3.260776681031368	26.556566087911385	7.841787229836015			450.26931626906014	19.4757684616016		7.964303077635818	151.75964634750068		8.167207873		402.212185105594			30.693118513782995	18.597287319491336		246.34497273154332	56.74068342960498			13.399832678444774	5.154168284726127			14.578999402852348				7.628447330828154			12.330427786135443	5.007303861496078		4.146987529627424	18.10876986958928	353.5405422765073		542.8464649	15389.218347530608	90.6466544442074	270.8350017904783		49880.44254276351	35558.18224895415	2793.4320566498686	13248.158058868616	3719.423453189729		20.48565461397033	66.92843657787888	282.5451206311289						174.50778604986232				57.358286977819766	116.20531542480305	13.505729657300124		23.242454432128056		264.9735653623022	156.0399713	35.37268282028149	4.506032395892464	201.7252420423089				346.93512159907374		98.88768101	608.2127278051945	10.016153664289314	15340.76893376299	1249.3373863709187		3.095747447559708	7.223797196296942		62.61487387348262	1095.251871341843			77.03927914661914			8.288564264714795						94.47169969870164		182.5300619261416		11.256771555258934	10.391817399498803			46.94289397				659.3203876332786		1152.338459136687	783.5959031145728	6.768130998959502			6.435367134746155	2114.0507617740145		103.5776804242889	294.8832781237502	18.985705070402386	325.36962698903824	7.657433730149873								61.73987109929098	0.0	22.878385256647253		32.04813606074234		153.35428479551956	265.13666216915243		27.80684611198825	23.968660356468213	107.60717641533228	298.14598723140296	816.2767156511773	10.878015937455125	457.0621823287743	22.832007017732497	58.95910919102728			51.32872943357769	1.0284374479346297	8.949840654574302				8.198899669479605		119.09236079724636						42.66411494832911		22.237979074299385	79.56380128	16.987189458500858	71.05300796	5.875736385174812			14.54808057690918	12.757107584151166					200.66086145921537			306.2563817616203		3591.898369101808			56.33216844183087			24.14992197356004	16.328618465911376			3.602816193027665		34.05708677639968			649.2443287437243		155.04438511863796	303.2410232615128			5.474951103886494		245.4371187047872			104.3255295267893	16.803608929463294					175.11611395029416	38.140690712843615	188.35014442461872	6.247148781817119	137.89989613315126	3.6047486196491136		30.329435823626483	23.84421208204696		247.68337140955828	231.1727183559065		20.33879019074028		14.870795822691			0.712678938	349.5396461994613			171.69610531565547		69.72697681105987
4511:P1	Control	1.2260517264491326				0.746137136		112.86713950646909	108.97274225889606			48.704955833679584		233.67301494218407							1891.3449295794449	260.1162578559367		4.205500223086333			38.14224480768624		11.206847186769233								9.105627089859738				102.30187845608631		20.898469881325337		0.0					16.759270292364782		34.636981281943775	7.403740812338627		10.721322543017331			3.865326969533268	20.9224401105862				545.2854853	11.35270858184596	20.436915466834293	18.78500966734646	443.9954565501447		48.23116130211916		235.1622291856248				19.58367730612323		194.2292376861209	125.99415505849664			19.557667057350805				29.647603561539505	7.605192739105434			17.091793472749494			5.515192749509533	8.958235680149338		9.0750267971863	25.758816367623268	376.86555449290944		268.80827098982707	6474.699096612039	47.5299046	145.90780552061514		5812.387381997876	282.61155300993767	166.8797161043567	1308.2971530772911	525.3886650273479		14.271466498014174	22.30098329552464	157.29468442927976						130.7168002277641				49.01095876041396	120.096968655447			34.21622725768399		566.7317004486757	569.3373153698192	82.19901618	6.108328422496364	110.62566806813967		274.2347228905836		144.86331553069508		91.48467499602556	4950.707110543089		8793.480134361398	772.4095276336861		495.8313323291949	17.17900430686879		59.903132937524674	3175.209788976506			100.43424059325072		62.74029007323038	11.153806679468603						73.04952867491207		427.6329700527788		16.97908239473566	59.64405045955622	123.0713171033053		47.82519742	418.65280416288016			6461.279848264982	22.08831126144423	1199.8339056914074	595.3725543812592	63.68226908269442			10.563731035749118	603.9370662956768		166.78689521658063	371.1927702361316	16.767430370411038	387.7587486797759	5.798755461616738								95.98138800438744	19.269004296464693	40.96206177754367		56.04137600213664		267.43074781464435	233.83111645433024		48.24442142894432	116.97879883202356	19.98607115477895	280.4776926008431	1660.4182909047015	11.902493840212086	818.5430389	21.986310285866097	465.05202794361617		40.10678359732104	70.82590741	1.340292819096639				53.68566347115971	166.42632176791193		61.47037792728264						57.721842074786345		124.5625713662576	44.444375083781054	12.27938744497328	59.95362342043584	5.758465076263376			15.544438673229246	17.439106794593027					272.2222436424271	45.55312568831533		444.7426136962545		483.44739388425415	8.943445538690511		76.84447497129644				96.08542899947712			4.258030725509071		200.41253682566725			859.1695174409327	20.23240351080014	184.74569698174423	862.7064012691043			27.08533905501686		358.4008278888782			96.34502148232347	3123.312712612109					221.4201477508612	26.22445082113744	53.77440431991268		91.77078773				59.46860878156185		373.0456179575084	129.87937221826763	5.193379672	11.672481640283404	13.899162937153996			9.335639289788425	1.2000414776767094	310.8744933			91.44948465945107		283.5882123510982
4511:P5	Treatment			3.655021768881038		2.776928357910906		20.302461677549257	59.18955171601426			23.198487762465312	5.637292411576831	75.46287673081319													30.886683405181568										13.248108175165456				537.3204977		6.046396468182071		0.0					46.050448240141634	79.26592957280799	38.04129431617422	9.077669124442949		16.608413534847326	7.663972376206742		5.4334132517883615	18.007307175772155				736.7365206482801	8.757383712		16.28274517	420.6861423393632	11.40512131489941	53.076541264931		208.00384378022736				65.26017145070584		267.53723130697404	9.154376135			21.056074413401017	10.003536199917969			35.14123102017325	12.304073649808297						10.562017066665254	10.282103764777457		1.906909369110616	8.493619254157833	213.3033561976993		151.78769802825687	4433.477483143854	56.64072578440133	85.61780834641569		4635.713498	2737.3939683618264	371.4025608887146	1638.6656258637804	1219.1099026281947		1.0301616951687904	41.73736106441862	72.30106758280658						67.95837419246081				19.95526152424613	64.96545504150667			13.16063526832552		1309.7022278997465	178.4985594346027	23.016813263643904	2.801151624420428	4032.752658145365		1034.1410395614932		494.3114151580236	60.534615875806814	166.36337578184688	21588.773650160005	6.884790636817155	217.83176129795137			808.306853	30.067129554942785		76.13305377090994	4620.738136369762		3.618686869116757	130.96241751521046		46.15003278023634	15.144924516563773						37.6160414152293		621.8408575140235		10.349390616192792	148.99260222046382			394.7349494854965	50.72284720242255			17783.695473937627		1005.8920007317928	807.2766913295474	33.30631858207705			28.543082370385427	569.0718171600606		121.96010966435266	357.53339507498566	39.75172607915206	263.0465068435145	7.852375560169683			70.95936776558479				27.52705091401386	138.07732918386804	0.0	20.64898896233824		35.79929642701524		229.22409811108187	368.9371706528567		43.500276571500414		82.39745964	916.4913255988072	1612.941189699183	12.734036630352293	994.4835150743228	13.172074033066126	2478.3099841981607		66.98877066356582	116.28782809003988	0.2792404333736433					107.17315119731848		39.60100353198171						88.91284546022467		59.90817528913004	100.08919148031195	31.521871282542342	231.3147005845564	4.960386686338552			35.13315659800341	51.19789237341483					872.7373775974709	32.837329227712154		559.8185293534237		660.9230794		15.397923077885435	111.93706027752428				464.3660748041425			2.731173298948479		123.23721410421574			1189.7284260891745	12.339735681058428	273.64149446737326	3232.349991556409			90.37566160999408					85.54783002094372						250.9981232290845	32.86155249422168	93.13038530693792	14.299128794273004	77.53867609697633				79.49739634167673	166.79266589387672	621.8125970364291	181.46052663390577		5.354014767118266					2.168655221116272	394.42139275790095			138.45884563139302		179.83554917222543
4512:P5	Control	6.004631393153272		3.732282202826082				19.93288763444905	42.33503722797772			12.571611828357211		88.05624924621974													33.334432420676954										9.285705503				430.2296346212542		3.9352352405586535	6.420201898986635	0.0					39.39705039603954	68.87839523	35.67322456978565	8.254027561355947		11.25181305619748	6.897383148417385		4.995302446572534					718.6826797676526	7.817316114092109		15.482417449884789	319.16237666830807	8.918457149170916	35.77288900795789		418.9313114939097				57.45383048525832		206.8194139067572	0.9857718975582076			15.954162457233418	7.424094603			13.56040386040549	6.307248869058089			19.88577353640399			7.2404704264891135	3.2309398774747864		4.312148024919145	2.8588593082984044	116.67443964720646		125.83269547488878	2834.216822940143	44.48778909249823	67.13336152592639		3013.610395542593	1091.447007392586	256.3465994	1093.8437861239042	890.1332986612229			26.024498900916285	48.53597736298543						40.39369477776199				9.673490771687923	41.61926535383161			6.272819335871314		1167.085671669442	128.18598426954978	14.869330148400977		3505.741914726077		794.7701360297325		414.60164668894816		115.3987348386017	15175.85688638974	6.719195213503371	161.33498043253655			676.3542868355529	25.515908252788822		62.81154907063903	4403.652059699225			106.65967367814083		48.50335991049269	3.282886190703957						37.64718447249412		143.0039721316196		6.108524019611612	96.22631707				53.57658182690897			13589.237688409066		824.5987963343387	594.6161589425557	20.626310513368672			13.309128670831829	439.7871522285235		72.57987206531509	334.24130415031976	26.466646590262243	255.8639819178701	4.323020509083389			65.31403251				26.474498939936414	99.31893478658148	5.813154866482959			23.89892825		181.6647137389805	334.94861964789374		40.469802166911705		27.29597552123493	548.5929334753067	1460.1081802993133	9.970672006	864.6826253134196	6.188255570149409	1751.7420310906512		44.61221863348903	107.88464022731245	0.2234899522650348					89.23470572		27.210203701716992						78.33624840338477		37.71906367335774	98.54215619573596	20.12134402662929	163.02142353179056	3.268993572049644	0.5683893110308048		24.12785444115356	42.35557414251019					464.8524564153942	26.18819019027797		453.5964151709107		545.6724634		10.3560411664433	111.18625125185484				400.2789608832495					98.76020990591888			876.4992035192598	11.056108341241076	220.700556050008	2436.6040367847263			45.75503752453078		167.8415581779391			73.73537552121512	11.702417122115632					267.6316339449712	22.844901309772656	66.87544204047457	10.885168729103222	52.517118647793104				48.29738673827005	126.22833309308768	523.2811863140464	133.71222635947626		4.228792312993266				6.664832792682146	3.836174829284421	385.05869110710256			114.7639025687894		314.55908767854635
4512:P1	Treatment	2.854175713203756	4.188118314494493				16.67470978794757	7.751992509679002	69.66367826465269	58.105548441617536	7.794719691014388	107.54004270303194		1575.948929102548	3.236583986155456												19.74508503870837										13.282171589917958	85.57058060400338	648.8024213261226		433.94152636030935		23.04832342774704	7.013239544390186	0.0					25.82986293268064	65.22176049302601	24.08616666238355			12.58315490327105	7.877183150991681		3.777082830048084	16.735382385443817				637.6442179203867	14.067069911048993		16.761873237871757	403.5189187058881		33.09519285		323.4122900510538				29.69795465897309		252.3480147822272	6.911976124625323			15.2984672771348	5.631015228190464				9.605497636008028							9.548670484831966		3.688637564683836	5.112734518592236	144.83574474706327		112.34001425424914	5146.882081915477	255.68244401364063	76.91234457820084		2955.980486356139	5018.721901499988	528.1583793793413	19310.26717785888	8538.985317239098			26.88266068078454	62.01551280561868						36.92739374092032				13.316353334986267	37.17179321815874					564.9486189	131.36984627740318	25.13725532323404	2.3555495070198065	1962.4252569891903		748.4315264		288.7712278	19.138786335559256	122.26511120664586	14357.468617169445	5.951041816392501	156.19989316683578			99.15013338	18.20861559788792		50.403974005914286	2775.578208593688			84.87754572274343		19.196468030362027	14.78873200380365						63.986090408806646		279.11787570428635		7.193548249625513	4.183845596360954				56.22256156			10007.325412876664	16.378183149479995	1000.2770695346308	586.1776189146614	47.42930764134475			87.32880412	4699.646847626289		66.88299330334578	353.3760078	22.262570562989293	231.03484218851017				45.64288418971228					82.13787885551851	4.108218485397322	15.660366503045516		24.36517515650362		252.10276076136205	364.0095213968704		35.19395199414374	8.409136558617233	20.26422029193332	373.237738	996.8136042155846	10.373732356418262	719.7850876785986	17.681789452022613	1549.6956398028335		42.18582794786623	71.6201559	0.1790268897952655					67.01373847823207		35.86775964380276						71.43172902831094		72.99768022425282	215.2650941012461	16.166683601869835		1.9932230092957368			49.36228532495759	6.054868867037489					123.72808989556944	3.212229492794287		360.25807487562355		540.8859521555261		7.806256029974944	100.44305788322438				124.34378857861238					121.23410432102298			1014.2920122844508		216.68320924976751	2765.816329473992			126.18404827872745					71.84831904633094						252.56250523253084	22.639424302367395	134.03388603366443	10.935167519165228	61.00373315159675				54.53441062560601	175.34679766684877	441.5115010774996	150.3714783608758	10.057123942723054	15.195922041929878				2.4542492959045465	1.565096652315173	395.4370723562999			141.1009618265372		326.6172559230211
4514:P3	Treatment	2.397755835657534	6.307207633	12.607783082016333		11.391440411189508	5.873462755093985	363.9150478759549	96.48811778			202.70697693660784		309.4055641136088		286.5046304038757					4699.191126729724	485.3406222139519		3.271435631205992			19.27578156211061												204.8938292993521		59.507940284955154			1.1805288735396673	0.0				2.053766523442605	52.79307436643571	2.7474930412642293	9.76257585309208	8.65411672	31.97287806452208	18.93046581295912			5.363226680163357	26.548193139631376	13.411603865572555		29.984991242262023	540.0817902945508	11.893717864500768		14.283515078538931	165.0211349863157		22.233735930642588		335.5500783				18.77571483702696		323.5365389444431	313.7209056138886			12.027245849447947	5.781496460825726			29.11617504881429							3.631784332305178	4.440026572316605		8.458688344	41.40472897476484	381.1180506518656		437.8555063219895	15908.729724332588	119.75293736099292	277.6037964139031		48522.19547441506	18864.65552864292	6581.631076135243	24956.095644832847	6131.689960738598		23.10520499796344	38.55731101761298	187.00152146207503						143.90470110190333				50.77910095108994	94.80708004072775			21.606331259649032		382.1252584323612	328.6415525676225	70.51913544099706	10.82460969363226	14.245932698669693	4.6973553380095225			148.62549015912546		130.51874168377097	1998.3276495333744	3.9969966355050905	14886.84845629906	877.6622013776607		153.29587461275824	20.65616026742553		53.53853192478322	2264.6372775781024			83.81622358437983			14.175189395386417						89.91252774				5.2739132597682215	4.579302450655556			66.44122615236174				959.5135297133476		1152.6935944259255	484.2197830025575	78.66920612487597			4.559405896607133	2651.959073782266		115.11261881125556	329.67617337814045	17.232184388514973	180.57935596089013	17.824217407866893								94.99587623	0.0	12.674547074489926		27.894084484595705		148.57950701199132	246.8530089135996		31.35166343256581	40.75167986	160.2402141213028	664.0656193375293	1102.613083594758		922.9286304204014		9.272236332209872		37.81096916797443	79.83868135727762	0.2259364248609625	2.5520646659441795				33.88736870962574		43.877649570160855						79.75334724769218		141.30886401705263	148.38982653006303	15.15896345666947	80.31221934363005	9.587044032			31.728813668194785	7.409918873277634					163.88172565780943	17.407716209786606		188.2563308040621		801.5835265898892			77.54527189396293				7.385158717128487			5.711195303187972		39.33460306243798			1162.9164438960045		132.7582093783322	517.5071601					295.62521077967216			71.37645584766126						164.75894261852204	34.60629752924203	299.6124802109757	15.701918309368612	151.25802533255435	4.006723839706541			30.447475587476443		272.4519153522985	204.3331886208321	10.35018741598879	3.6963375965511673					2.3535412711054864	347.9204291492518			155.44868176079743		75.98007630882044
4514:P5	Control	1.0131157161021649		9.320017525182552		16.63645082166853	24.952134199456005	497.5498173089148	176.47810224029277			105.64042279498511		467.2182789946262		322.9010544866569					3689.545125699447	580.3544639628526		1.9273232372928952	2.4144692066230418		27.11286228922681		38.80760086793717								6.072223667039343		312.21480974578185		79.94370400673323			3.8777558659202382	0.0					3.0670784179078305	11.296332672104477	16.11140545054989	11.344862393906812		20.48277791537392		107.72073020291204	3.615695368187607	25.53726398804421	9.442959487081808		27.04584505435692	1007.6951772707567	25.931048016383187		16.844897531505243	213.8214920732793		33.31311198		510.26414223330096				39.76155654222315	92.89559347403748	322.46474917826254	174.74813320499604			11.632343222107336	4.809988712351838	1.280260279928374		14.312108241249833							6.238611284647362	13.155714298874091		72.94756687414268	175.15670724378907	1171.1012212088062	11.567174738544194	486.2886109116386	13046.058388240835	123.82566502388828	237.09542227402773		8652.031787091648	1204.114373293544	393.7456667493648	3339.98507736937	1858.562629940728		16.81809063755729	23.848891857149496	165.85147972906057						191.61983763044924	12.099152927063168			78.61306525369575	136.2090634643652	15.45001467055801		23.97922882427578		280.8243991205489	247.4068326874581	62.55111390060158	11.584737875958377	10.947380862954322	6.713740370483597	148.8905730530564		101.34577350939146		144.83672362516768	4095.303054064457		19894.668401867053	2787.984450010405		72.38138678644872	17.755869737909148		56.17199751664078	2743.085675774535			82.98074021590627			12.621425171221674						46.70038238430426		54.27101898546915		5.008729477828084				129.68851760543754				915.7170266326968		1336.5029921824982	560.8062298330436	97.72360751	1.6162708299312365		8.142362942779123	464.6314137286482		110.36814207418632	436.5419485616276	16.621198623387794	207.0744741792741	7.890932765060337							16.310146216026137	45.72285513085714	0.0			14.480806797991296		123.86541317698354	526.3131523272477		24.58238393810485	29.047118343920044	45.80235143704764	845.7020415188954	1046.6474429284474	12.467978812760943	1257.2202167679302	6.692017542629217	406.7275984		16.3032134	112.88614135398768	2.3539226013267904					57.04275938212275		38.59268353						91.5668034723068		149.90738627177208	371.6919124110753	12.834031571498588	47.891440413681664	2.8701864037383404			44.56877212761485	34.46442186054116				5.445496974049135	127.5878739331363	2.931195196861281		372.6703640401758		510.4568745570303	6.031088950464026		200.12409364152583				6.407772029215515				1.6874477552413336	40.715512216509126			944.327377480396	6.187770623711579	170.25197002696595	591.5842415879138					279.50439068752524			131.9735742205877						323.8873633088111	41.46841618618541	165.99660670664093	22.61392598423664	174.20968438690343				40.08000395481182		499.47482960707424	146.36286782889454	5.058183575283801	57.424064339141125		7.0252549656719445		19.917060015506653		682.8959173798884			164.61096760222745		22.301949201221603
4515:P5	Control			4.600104609274136		3.817575462886732		91.20011684769868	41.488089230096655			57.83333332829172		197.30393882765188		46.30894412318832					2177.937424959218	263.52110145048806		5.498230560074958								2.180134124357729		4.206859405			148.19834428990094				7.815208253520222	141.13217451980722	9.301401437	4.453537944488276	0.0							40.36993322	22.976035249797125		2.1898572200560533			4.823015581	17.228245233465163	22.12256351627749			582.0515171008877	14.845726672720076	50.976030058384254	24.81622113936897	112.5873262374584	112.1659921			864.5920740812659			24.53317102015108	109.46225125708573		94.95791327777349	34.214133303783186	14.96384427972195		184.2976778151927	15.94767751853023	13.168672722086788		26.34814888383838	2.9079258431101183		25.23359402508596	7.1619602684549895		47.00540586691277	2.9374552448605864	8.987741571807101	5.258034084860785	2.6860952153261137		567.5637443957281			8296.330796240596	30.405560707283787	177.7108206515608		6742.199462	496.2747269649214	228.29468585011264	1547.6082169135589	745.4643454707341		15.391660490448247	11.628462340541033	146.59403349967732						112.67987570392026				20.21755698871681	93.61396538347168			16.31067309126769		57.125708030246976	27.22898933117552	10.198086928920798			7.224620219	25.41221089421074		425.4751053509303		80.77623802978344	1886.2603990543143		12664.559019301085	347.656489	45.86564298	1.96190464312866	0.2441577364246019		44.71003505279712	1568.2629530940449			78.75995607367526			11.508904274917183			285.8395673	129.79864608211537		63.58256380324566	4.166886678715439			3.779763424059914	14.12729793501052		21.84959660741341	128.959939	68.35696390577866			585.0674773	320.3338698451112	1673.539231595674	952.5122666467296	98.5597800620196	81.08593663350787		157.43924646451998	273.7278311311408	3.493832387598064	119.14249331140684	584.0537545854316	75.24019543088166	359.93603862438835	5.246510415884994	40.62021291035729					5.056729992439911		31.418923347842536	13.27454643080188	84.29635878723252	38.76058082938879	67.40698144458678		147.57102456003125	108.24038223099622		54.62795277974397	40.709521344919686	60.59001101609456	172.62924274789185	763.3361155935662		490.7955824815876	4.300129101	336.98161025392085	454.8431757357372		26.83250309547716	0.2387560165921991							31.490586164285748						35.98049568897887		85.42675869082667	85.28163248466278	11.956886906351116		5.680808690410169	1.110953712197488		48.14012714637283	48.77789020125184	66.21464182024775	123.79949603624894		5.377592150484632	251.22318596538463	1.3997656659032855		131.2689942204954		1055.2554986616171			25.93041588		22.958389631677942	154.6973334775924				8.054324384767915	102.05433267892867	86.86325605			560.9484381743124	7.213096549535067	131.03527980908012	252.16236498691163			61.78739225		462.4207083166317			262.55239302721054				137.32504238192982	53.68985410218336	51.023205078253895	8.037038881304225	57.888790985237726	17.29702713266442	86.85821445	2.4300536952702263		90.64914142	38.21752792890457		252.0907021704685	67.99000707183077	32.02751711562657	349.5096390038847		13.086566580634267		2.1851757295346377	1.508160177206833	179.64859761277145			67.53842329	33.72833863352245	45.055745122070896
4515:P3	Treatment	4.730437229120231				3.855409934385009	2.027330241051528	106.8820493380812	76.16925252	110.44475492803085		37.22194192083255		927.2798692346868							1556.259627545668	165.34445230149407		3.3378874940730947													49.53051226017604	27.58473954425753	810.2100336		47.123636174909386		20.489744930270938		0.0					14.679740021147405		33.38725051685184	10.825211726354066		14.62904574462622			3.706853663188148	15.433101052231782	9.985450015285757			546.0408361837531	6.364115392489867		10.371167336642593	666.2396107342555		22.01189568529397		309.3955451849074			8.115933261143654	23.17345584732284		52.984335360554105	325.0807951603576			44.165735344847256	6.954373099114784	4.619791460365298		29.770764911810154	15.85540641664304			0.2120343217973004			1.8748065916921384	1.855851340471174		5.213575725356907	11.863783165344588	186.4852880702153		197.5533915040752	6964.283168944982	171.8403728	93.64290841		11418.764560952864	3016.445225507571	1272.1539140478935	23520.452439453	7035.798246063111			19.52302711800175	109.70197357204653						91.40795204483663				27.74034893218777	57.34845133933431			15.80867951828438		388.2039858251485	429.88878735902864	79.59486316	5.080448147014319		6.352654077798121	178.9679880918175				105.13772540595664	8618.116495019849		9524.620527276767	254.56461569959475		140.86440657931217	16.18778454270367		60.53778256221054	1621.6063132606575			86.05684054317878									93.76104811501123		294.0805838379598		10.232309100954131	5.079566507422646			7.537136869210483	288.2145948			4216.823537937998	17.91756142156564	976.3356185747472	495.1711133838262	51.35638785453035			7.957678954438394	4690.098250423038		73.46261898	238.6735028794889	22.66034160496929	172.3384991822341									86.35130816679748	14.824328914181736	51.23692568985869		110.63695235901552		87.15756757338222	154.4478277682145		29.791042622418622	176.3318857127159	107.04383020315314	186.8181070160718	664.8386854230876	7.181395293970521	697.4240847313131	14.49724062567114	517.0300445999649		86.44388032392312	51.87920013239229						54.41876298		34.25257977607866						81.57193994		80.69955756437922	268.7140495063509	10.992723248771894	29.04870208623016				32.302833819094346	1.5622653564441429					231.504009720006	7.247959083141817		152.9701998125709		575.8759607857553			72.46063558				33.764151442291954			4.208065771054115	283.3488259	138.3230804563154			918.525628909172	8.163541799093982	129.12713869537262	1390.9940819876283			69.55078410788123		177.12492052542555			80.27681138017212	17.158469733135387					145.2532084666592	11.186243139144064	144.49279431884142	14.274626628773769	79.59133659764655	1.7989855868082807			41.57944560267519		272.3750579107721	99.81879374939484		6.460214107982198						200.50071265903728			63.292906286187936		191.33474664421132
4513:P3	Treatment		12.30615184530747	16.204013848061106		9.749344851337336		447.8409429950957	87.59715520250113			212.3484606878056		187.9809909281342		16.531821950100547					1746.6096686348892	194.15354774313212		2.81727374			4.690084958085931							2.523617325531803		4.098202537602394	34.31426908773234		126.65634435269578				10.778946087456813		0.0					44.39671314767176					23.479044866836624			10.765958825893987	29.744917561211928	14.13398865785314			449.90760111749097	11.086311277776993		21.902535616015985	129.5421619729241		14.144330366134648		223.4075949182381			59.72528936446099	14.218405858011495		635.4388097071264	335.7310531072945			7.823622567382973	6.319024264845382		100.18854579250322	12.71597209906771					1.9901775820809744	1.2833338462820645	1.928367837	7.260841232993912	0.455516174	11.265727891218974	52.11860216614594	772.5205580269576		837.7740917299943	17448.854413090336	117.01161910839228	310.9677123748008		39790.39314060793	15965.235107568738	4856.148021088049	20990.120124511785	7500.186121888486				209.8727038261812	48.00789337666823					146.34575439646895	19.01671799578764			55.16387449778452	92.5871497007508	26.41176093		21.57039842678894		623.6463762080818	592.6325550912131	180.82380728279915	27.74872735803705	20.69880887301716	7.780331695506891	804.0594012177455			48.43382745496013	111.52570362231772	18451.42194275226	3.541674329150989	10951.571565625656	210.57112989244865		9.593257207739688	6.026329869994318			4527.1330657426415			46.80416663		38.95601257222332	18.091976871545786						84.52230077508052		72.88379037603976		3.0002979258562124	27.509425038499828			51.44518860362911				308.58310684896		1147.6116718439855	398.3979572157352	145.5347720633237			3.297802417582396	2451.336240294216		98.70222585809108	278.62365896711765	16.726630873542916	232.10497158298665	9.302967861326184								93.5056377	0.0	20.704099979579794	2.450022843342464	176.52069461831664		171.75869871194766	240.7814243263284		87.94276066	11.807344799357509	228.5433353518039	580.3451626237187	1392.800106927299	26.321090605501382	510.9414773368285	6.683629607979491	95.9123696705214		24.378292477640343	13.345132770333429	0.9870318787746613	0.7693749951754728		54.67564966495983		47.22048051821105		37.63010936859644					1.0231076053380623	63.916086266909446		63.99593387503644	140.49379053819774	77.80451947928769	30.84594873592694	15.486347394293178			28.493089849461903	32.93016371191651					137.92952789407116	1.385307900034612		282.9399993980068		735.5508749593153	10.46749231479278		85.65892666667143			8.577364747714304	52.07988088630122		0.822045556	2.580616973501977		41.85722250245206			860.4960273486871	1.3691940755029597	149.73326512077233	4236.7862386714805					510.6903902799471	209.63917362289405	5.366625083571585	45.03212694487513	4.562617390895248					157.14995349252015	22.10672422836484	240.7679560550781	52.67897845209743	294.4652320156385	8.783477398813206			39.94160142193545		253.7191418913392	170.33418852238083	6.212240114217713	10.555757592451236		21.99512998086205	279.4584512797948	4.585946361	0.8932349897098175	282.1331056472053			129.33797336057526		16.10805241540246
4513:P4	Control	5.365439595391413	22.552166257745533	36.05756934576499		47.31096166545417	7.929709205697591	1449.9847576883292	163.11735752625356	238.24433683492185	4.279195170437878	375.8888670681485		321.1536391758751		588.8718799323418					3179.972435	485.9068166889598		7.234412850897898	17.62597076673357		108.84968520669872		28.689926055624035			2.0475853131167043					64.83242980640647		256.85204940082764				9.251188624939646	5.986210173239524	0.0				6.814736967282272	2.8278160729338464		40.97210717334318	5.395832789343737		18.20677221280876			10.978604538750382	68.33680670362145	18.65475956476353		44.91739355542816	1751.3674160256576	45.46946718804157		64.89946137115062	89.91555806464743		71.04429903611391		969.6769502			35.75322106111913	40.34800583		1001.0431427124778	391.46517079615217			13.160252981355413	7.709878981	1.8306695042241048	336.80946482230195					2.544285044	6.318453581101893	4.344977699814137	13.025773506744452	10.085544250699275		24.83956636149973	121.2563535160856	1297.4637998782475		1403.6717752818304	21280.25189266288	50.03635683821991	591.9649078483939		21935.16277056702	2506.776928666696	798.4550185251015	4686.956506	2040.963343941202		51.68966332		435.6843535809223	436.2085320903191	34.111572242571114				293.3126408253029	61.23604063708924			109.0266318838184	188.87829564414352	63.24032605745196		32.751789072046684		1309.4766057016222	172.19243216431877	38.41991157159341		65.06183597	6.181476035755125	1608.3520337104455				219.35767303685083	35201.16324962038		27930.65494197056	408.5707101595926		4.764653583429761			59.36540200109222	6834.784817627371			86.20633936709622			96.98759631771784						109.89637684500198				7.547504383119076				52.07186814278023				1080.4010211573584		2850.247915	1194.3113813296802	270.02687446147524	6.428368693477412	0.9442707381351536	8.693702505731986	498.3896761557888		196.9911967038004	852.0919279838648	34.47587422487634	819.1748498981322	7.942615904499263					3.251655407775816			106.9390774389288	0.0	19.47745753		71.79288756661083		283.7562712254721	1304.1827774673238		29.854027018510227	26.66690510474277	435.6889333772712	1965.640682424896	1946.3942964408684	129.1906425181322	2185.010429470303	5.606919766519451	621.2651958538002		10.426530906136971	36.06881066407612	6.8401340197629805			81.24059108943398		17.37158389680386		110.46968407886976						136.31722198226774		172.3327404706466	164.0358148667854	121.01945314130654	158.0375306849894	4.449480325595409	0.6320118961592431		71.05845477028349	271.4149691003389			6.848877267338307		638.3390929879204	1.3039929240914028		1063.499490904009		678.2312009131495	40.88800546		182.7267964572181			17.561437272725215	149.12941044110065		6.586579840078542	8.053363707120052	30.58138194775277	77.33610653			1544.7399114584807	6.454598436203389	381.322587263652	5822.026972199325					503.2496727723018	644.203314		122.858865893106	9.214966599270438					634.5087178596825	109.17027095112734	160.7933190517075	94.15353506794446	418.8993999619104				160.49396690853325		1025.5617069844266	403.60995802340193	23.175851251452087	26.576141868008435		61.40174599589779		15.551323020645617	2.666690510474277	1491.8174502301583			307.5004335693204		
4516:P3	Control	2.516200247618545	9.049727257493176					16.866780509925537	139.6075252850314	124.50283393488256		256.30631467939946		393.9302084986599	48.53274474162695									6.549295145532588					21.303145477291835			19.013217976364984					29.71110961350615				938.9912958211862	56.75464487707736		4.291298119313094	0.0		78.64357659406231				618.9541188462377	157.26665461176927	9.728939700959687		9.186121630934506			20.49187489768993	48.25995599474429			151.5747518426381	3145.9807684075363	380.0566143400061			632.5509822240942		53.65305259315715		553.8770519688904				510.88325908051246		113.01574710806064	8.916092307791986		91.46464769754743	4.586950662899795	15.968785184204863		258.27733163664413	32.19656199659167			20.278610862916057	20.64403740678922	115.46375016895853	51.12817987092672	459.7519255824541	30.15301161532041	56.33600088			269.4257977502114		120.46382598609682	4017.881012224462	32.609687150830155	104.22501147874944		3833.212491466294	1135.3010369322324	171.03657327847196	1320.7067180324095	645.0586616313775				72.48572541623852						63.64965639691066				14.673432839903668	63.64847378673631			12.322403813302223		133.03339532583752	17.723778682935514	4.497860696432335		22.532665855221065		768.6323582	8.635025289688897	343.6302499531672		186.6907841563006	29549.11961385804		624.1067513758666	43.779834450927154		61.05303865743654	46.43361168216137	141.68852498849031	42.18015708842737	4971.650598987678		70.50643018777342	75.39849427565468			10.8898686887768			12.131215168449494	66.41223376		45.40671184743691		195.27062097118664	101.81958238412804	12.529754797204363	667.5889622662498				64.81216219829358			13106.382509503946	89.36038999399302	731.0561024929198	374.2397490957856	17.40132030873029	20.44062845680157	2.1480142800052406	155.4174465024823	312.9691101662692		394.0114143972983	435.8789681963067	76.09189804121337	232.82204183722067	6.167312059							82.88086885	136.1168542537511	79.78518961569843			73.82838216751358		227.17665506828044	654.912958	19.41569963903434	73.36637579273543		84.00986736185666	992.1169042765844	1324.6010533365334	41.281767559315256	821.9527031033891	16.005051896218166	144.4112878132281		24.78199040682868	55.05838768367259	1.0170447499382498				59.85820817795482	243.56487266098705		10.402633296945917					10.740465603417654	77.22483858823759		109.3626642795034	48.51973602970913	59.27399875182749	79.92237239592265		14.694325619650458		22.624515245428665	25.608634918697096	26.79636973713273		15.942373556977786	92.72215651626954	25979.75770157669	169.24964930503398		423.2017813307004		344.7726513815863		18.318237397240512	97.74864396063488	1.915434279		32.19616779320023	580.3604242132127			6.139717821817146	218.93031432256012	415.6094240113939			857.2457327398122	60.96749652149212	123.51259501556284	2396.434950042096					212.1705145659939	189.1447002680702		135.79676109989458	19.45787940191937	3.962926694236133		4.857374189433763	12.934995883613867	436.1493917228406	12.93105384969938	120.32467218891534		74.23914210140339				61.379833268947706		305.38779054192327	94.08176401	10.168082279033802	1.520836684209987				5.250789174	5.174313716158706	2352.197445453696	7.992867965018584		74.92071976521859		221.1638707385099
4516:P4	Treatment	5.644982752460232		4.671187739504392			7.486581484444741	73.37673179985461	156.16350316368045	179.3888454454707		283.2305034426765		2488.031116	8.313218941992774						1535.2081844679103	194.24324138411143		5.981883651014438			61.82651981430941		32.09643504315863			46.08633949070592				11.01836281	6.075099208620026	17.179579949167948	1409.1291744644498		755.6412712827649		22.56005764222958	3.6524410617133714	0.0		17.330996083349614			18.67102887085736	1081.8890984464526	128.89251104672377		802.5466774243098	14.860074043672553			4.723237036	9.294584761657696			124.28141658547273	954.3352006609788	288.51256064852004		24.62262929503546	777.5294198295633		36.05596695200919		384.2879972726169				50.48734407		344.5038811918035	187.36752936600584		16.34821073742674	8.172685842455417	5.480790881956988		213.0571692316028	11.70494034766209				9.816970424584444			17.03715414795332	2.319979080914712				134.29522798449335		295.0532644697487	5566.581370882642	177.96979236293691	73.98003045948468		3391.727556949767	4404.632884	669.3477968863756	18339.57422	7233.066870510638			19.31360109	95.15321094769406						91.15582500529808				33.37637455241302	85.18529756434728					556.6918271781196	44.05121201222046			74.86392214277015		603.0218520097742		175.48514823609963		275.0776909678324	19101.13302445625	15.705165342573975	6775.250725303985	294.57015236662534		37.72674935762001	29.11921530481162	81.96249978337438	44.46807955663937	5357.296356093839			78.90720610083994		68.11786018955762	31.93792127768719						48.74747804894869		380.1519709323609		5.719744468712429	80.16774541790232			128.08290790427117	187.7957531204884			10211.269394203566	6.806628406885199	878.9205023301228	688.0103085996853	28.338475862937408			52.28115208041332	1648.0690391327312		106.25958438991928	456.1183918021412	17.62862342210045	191.46570167271653	10.76237491238122								77.50234828088568	0.0	17.44029961		38.25575947641721		395.2003687929218	727.1050080945528		43.76919946230712	8.018430655757845	162.07819590515172	1161.4691599935622	1714.617849631831	16.37518173632785	1476.452573124973	7.339897104456252	3855.108718263016			99.16526532808888	3.693607323194013							22.78954772059868						70.05456718		121.29000158454618	51.15120917908264	23.77375259277949	155.03639931486563				31.849910649694102	62.857569053002685			19.19483406004206	8.718730276348047	361.57037221575456	2.3090960462704047		627.1642082542021		312.76516676564904	12.962167436789237	9.91870314	124.64528848292802				701.2085906			5.490254390343341		116.07797434076166			1045.067060490568	8.646334437	224.4786775030936	3442.7869700975025			122.22215716060204		283.4457983	255.8819105569517		192.3401298476156	6.565782118452487					317.21064983013895	41.51073319	225.0431757783396	34.215314570863306	122.73318661346518	4.219778389475301			65.09900101431064		418.8307492336481	191.73919706508207	7.101889868539447	109.0745049594403						1684.1330500668685			102.00005926522128		1242.6267883886774
4518:P5	Treatment	2.5904735122980744	16.845690085138358	21.57497663448254		17.195853824378652	34.88119872561362	488.9955882450666	217.44891397542088	229.78169009844	21.433342552866243	585.2560154		803.6816047612762		312.7455834631863					6103.729051532729	691.6255174139824		4.329758488498205			176.95863653876185		52.58776567165105					0.697098037			13.897671252799144		526.0529692605305		27.10931683991935		19.01587484058808	7.042950781610402	0.0				5.762707861463089	37.50396665391541		15.131779292941149	1.4569395105676437		26.685337292670564			9.268958742	58.38738143711837			46.966230543004194	747.1100922011668	13.744964799981572		31.29328910760079	241.67341676860832		37.58239594992445		98.86981594417654				42.79010120492367		930.8233365215058	505.51233663576704			15.662791761802248	5.007018526976136	49.19131580566023	195.30878506087333							3.8711777812454393	2.255072934659481	3.3586192643864616	1.3997322593610613	9.583598623502745	39.40979854693472	701.3433685383005		1047.1602793844922	21393.01698	326.97634854962376	418.4779628081524		52360.07481431445	15518.44171980004	2402.7280794652715	42378.634821178726	14770.106746534731		44.945061449971625	56.59504134891214	423.63491969514587						218.31025218512				85.34537587062032	168.74478250261672			33.59080613186514		946.2231594672778	93.32855550673892	14.161562766429508		2067.750097327527	12.361841097422424	151.14893926859207		427.2763457739648		180.22637008953785	8648.855667575986	8.933558164227945	34267.27495715098	3867.219869889784		15.00214028012623	10.407567580397552		67.90777527501385	4705.193992307806			84.34747841610549		131.4927122935303							177.1256448043811		193.6391637534812		6.075963696699134	57.47667890581359			68.67822777110251				1067.686148847654		1319.784203102262	611.5879594879729	125.93668869449095			7.780647512895285	6957.400566872558		203.42760124420752	330.48859696442787	27.11116223511957	944.5337001614834								10.97364255806269	174.13564323123703	0.0	33.582501853464194		130.3342655		507.7900156616292	334.57660868169825		30.823174680346693	76.38367542958913	390.2969327057098	815.4233930714271	2062.7684529845537	40.65267221427773	1166.8046317950589	13.129064151910706	357.1213404938924		38.26473082520295	20.660583312777323	2.5895508146979687	2.64214457790402		57.98508528347209		51.044092586673415		91.94635450177984						109.07392870375064		276.7746788718473	312.3437486583401	111.62933970724472	126.56689115536348	2.291519489863675			48.11129826473597	54.85714041911217					368.5886262680119	3.8499557364429977		327.2757639208582		1978.556611115664	20.45159230635328		49.12718832245285			17.980146784468893	118.5454195688405		3.395527168390708	6.558995890354715	40.35279549424322	53.96304644460929			883.5097103320617	14.799146808102872	145.26074453351453	1620.7626240712943			26.22814063181796		482.7992125115536			81.84097038541708	94.48192750687164					188.66905313050933	101.41046378606886	308.11687095225363	37.78677346834796	234.12667309734	8.079140187					401.6004396558105	307.2726026481565	12.240045014208407	3.610977058015499		19.160738363804743		27.98726360642037	1.3559041233560178	394.71757690781845			190.9508842955719		113.3580136610436
4518:P2	Control	1.4270215271517872	17.71197978441137	31.88142267154272		49.883739675305456	30.85678598	1093.3838941036993	151.19345932822338	205.0781445444692		320.6711164556962		554.1205630659092		542.6596422724114					1573.4670568310305	166.61832880825395			11.28474529631859		23.05996317678417		27.70324458044003								6.452956110680946		450.5441694662833		5.092176570468551		13.671570932102838	4.972024881392314	0.0				7.246450549976211	4.697191106		25.73007901203261			23.894330331425014			5.174274352154073	61.94718066915626	23.84006827829381		57.071699960218176	1334.8450976236352	22.750599003737427		43.14537925919416	160.87289349424478		55.72853796972369	17.466743492337873	985.3396899				27.72967090501692		510.1559677448316	167.0573581472246	2.935083783006021		10.82069903674849	5.907516771414041	5.284912564382631	389.0367228380864	70.19078453316693				3.062634842963786		1.8065035480758551	4.411082098373635	3.150017889564686		11.598690032291984	51.17510606962924	696.9079847217225		1299.379560637478	14874.351705881973	35.8594654	826.9459379976693		14462.278275032726	750.9716642431026	277.9397496148733	2924.53122307598	1216.8719947455163		37.70578460828816		408.58621305807713						236.20729784305652	57.54702145160774			106.01607188456396	185.4955333310088			32.68478293868002		1079.3673715481195	29.53934561204199	5.441708756872148		620.6638101054773	14.422783252075089	792.6329411		84.55472516918414		166.49465360923415	30587.345641019343		15636.629961183044	202.46651897428427		8.773892110520162	9.395086913574136	59.21786986685558	43.77820164506196	4540.514007939285			59.466629668872656			97.80241785507374						116.63311204657327				8.098082903340623				68.44347595				962.6849304		2347.4666203104302	1360.1209962039395	230.83464988107875	2.955872491673172		47.9246681466724	271.99100777711936		211.57866803938856	683.5383786	19.520949789447734	267.81846730192643									69.65239221	0.0	79.05135498829927		166.89739079578584		520.9572874768903	705.4007007387447		35.83656258	35.02192708425973	274.9687260304428	1390.7667239382672	2505.064058961119	49.04479195773796	1695.146892	6.701011210709306	946.1875044554783		15.838177196413042	89.92138316425795	3.757471003838681	3.3557908702700296		125.78965733696673		28.06440434965746		171.95785577676216						91.40196204255224		377.7089907204561	279.8008675670748	219.6633616049436					52.34033080797269	128.71698939809684					199.6931642976888			642.1618013242704		1044.9345753264272	12.486614538075315		169.0534265302653			18.196110050659897	52.11059795965097		3.437536300961194	6.167904156244947		44.92193297274954			815.4448491908147	25.85058305210321	293.3364310153552	3696.4483921787214			264.7279967304083		313.51980067419686	615.8010140323362		159.52127507988573						340.13251892709746	35.29006619096652	113.22587793112687	28.08343130335281	187.67411952912715	4.697895807781427			98.52579444649167	8.759798070745822	746.6447940323807	118.09501632216652	13.18004129497278	76.62365663716945		23.63041943665052		3.218373982470228	1.6070728852689633	828.7489180358018			110.06705126670325		248.9278734
