sample_id	sample_group	1,3-diaminopropane	1,3-dihydroxyacetone	1,6-anhydroglucose	1-docosanol	1-dodecanoylglycerol	1-eicosanol	1-heptacosanol	1-heptadecanol	1-hexacosanol	1-hexadecanol	1-monohexadecanoylglycerol	1-monooctadecanoylglycerol	1-octacosanol	1-octadecanol	1-o-hexadecenylglycerol	1-oleylglycerol	1-o-octadecylglycerol	1-pentadecanol	1-pentadecanoylglycerol	1-tetracosanol	1-tetradecanol	1-tetradecanoylglycerol	2-(4-hydroxyphenyl)ethanol	24-ethyl-delta(22)-coprostenol	24-methylenecycloartanol	2-amino-2-methyl-1,3-propanediol	2-amino-4,6-dihydroxypyrimidine	2-aminoadipic acid	2'-deoxyadenosine	2-deoxy-d-ribose	2'-deoxyguanosine	2-furancarboxylic acid	2-hexadecanoylglycerol	2-hydroxyphenylpentanoic acid	2-hydroxysebacic acid	2-keto-l-gluconic acid	2-methylglutamic acid	2-methylglutaric acid	2-methylmalic acid	2-methylserine	2-methylsuccinic acid	2-octadecanoylglycerol	2-o-glycerol-alfa-d-galactopyranoside	2-oleylglycerol	2-oxoisocaproic acid	2-oxoisovaleric  acid	2-pyrrolidinone	3-(3-hydroxyphenyl)propionic acid	3-[hydroxy]ergost-7-ene	3-amino-2-piperidone	3-aminoisobutyric acid	3-deoxy-2,4,5-hydroxypentonic acid	3-hydroxy-3-methylglutaric acid (dicrotalic acid)	3-hydroxyphenylacetic acid	3-hydroxypyruvic acid	3-indole lactic acid	3-indole propionic acid	3-methyl-2-oxobutanoic acid	3-methyl-4-hydroxybutanoic acid	3-methylcatechol	3-phenyllactic acid	4-acetylbutyric acid	4-aminobenzoic acid	4-hydroxybenzaldehyde	4-hydroxybenzyl alcohol	4-hydroxycyclohexanecarboxylic acid	4-hydroxycyclohexylacetate	4-hydroxyhydrocinnamic acid	4-hydroxymandelic acid	4-hydroxyphenylacetic acid	4-hydroxyproline	4-methyl-3-hydroxycholest-7-ene	5b-cholestan-3a-ol	5-hydroxyindole-3-acetic acid	6-hydroxynicotinic acid	9-octadecenol	adenine	adenosine	adipic acid	a-glycerophosphorylglycerol	ala-b-ala	alanine	alanine, n-methyl	allantoin	all-neurosporaxanthin	aminomalonic acid	arabinose	arabitol	arginine	asparagine	aspartic acid	a-tocopherolacetic acid	azelaic acid	b-alanine	b-amyrin	benzene, 1,2,3-triol	benzene, 1,2-diol	benzene-1,2,4-triol	benzeneacetic acid	benzenepropanoic acid	benzenepropanoic acid, 3-methoxy-4-hydroxy	benzenepropanoic acid, a,4-dihydroxy	benzoic acid	benzoic acid, 3,4,5-trihydroxy	benzoic acid, 2,5-dihydroxy	benzoic acid, 3-hydroxy	benzoic acid, 4-hydroxy	butane, 1,2,3-trihydroxy	butanoic acid, 2,4-dihydroxy	butanoic acid, 2-hydroxy	butanoic acid, 2-methyl-2-hydroxy	butanoic acid, 3,4-dihydroxy	butanoic acid, 3-hydroxy	butanoic acid, 3-methyl-2-hydroxy	butanoic acid, 3-methyl-3-hydroxy	butanoic acid, 4-hydroxy	c10:0	c12:0	c13:0	c14:0	c14:1 (9)	c15:0	c16:0	c16:1	c16:1 (9)	c17:0	c17:0, cyclo	c18:0	c18:0, 10-hydroxy	c18:0, hexadecyl ester	c18:1 #3	c18:1 (11)	c18:1 (13)	c18:1 (9)	c18:2	c18:2 #1	c18:2 #2	c18:2 #3	c18:2 (9,12)	c18:3 (9,12,15)	c19:0	c19:0, cyclo	c20:0	c20:1	c20:2 (11,14)	c20:3 (11,14,17)	c20:3 (8,11,14)	c20:4 (5,8,11,14)	c20:5 (5,8,11,14,17)	c22:0	c22:1 (13)	c22:3 (13,16,19)	c22:6 (4,7,10,13,16,19)	c23:0	c24:0	c24:1 (15)	c25:0	c26:0	c28:0	c30:0	c5:0	c6:0	c7:0	c8:0	c9:0	cadaverine	caffeic acid	calystegine b2	calystegine b4	campesterol	cholan-24-oic acid, 3,7-dihydroxy	cholesta-2,4-diene	cholesta-3,5-diene	cholesterol	citraconic acid	citric acid	coprostan-3-ol	coprostan-3-one	creatinine	cyclohexanecarboxylic acid	cysteine	cytosine	d-ala-d-ala	dehydroabietic acid	deoxycholic acid	deoxyfructosazine	dhpaa	diethyleneglycol	dihydrosphingosine	dihydrothymine	dodecanedioic acid	ergosterol	erythritol	erythronic acid	erythrose	ethanolamine	ferulic acid	fructose	fucose	fumaric acid	gaba	galactonic acid	galactose	galacturonic acid	gluconic acid	glucose	glucuronic acid	glutamic acid	glutamine	glutaric acid	glutaric acid, 2-hydroxy	glyceraldehyde	glyceric acid	glycerol	glycerol-2-p	glycerol-3-p	glycine	glycolic acid	glyoxylic acid	guanine	guanosine	heptanedioic acid	hippuric acid	histamine	histidine	homoserine	hydrocaffeic acid	hydrocinnamic acid	hydroquinone	hypoxanthine	indole-3-acetic acid	inosine	inositol #1	inositol, methyl	inositol, myo	inositol-p	isoleucine	isomaltose	itaconic acid	lactic acid	lactose	lanosterol	leucine	lithocholic acid	l-methionine sulfoxide	lysine	lyxose	malic acid	malonic acid	maltose	mannitol	mannose	methionine	methylmalonic acid	mimosine	monomethylphosphate	n-a-acetyl-l-lysine	n-acetyl aspartic acid	n-acetyl galactosamine	n-acetyl glucosamine	n-acetyl mannosamine	n-acetylglutamic acid	n-acetylglycine	n-acetylneuraminic acid	n-acetyl-ornithine	n-acetyltryptophan	nicotinamide	nicotinic acid	oleamide	oleanolic acid	o-phosphoethanolamine	ornithine	orotic acid	oxalic acid	oxamic acid	pantothenic acid	p-cresol	pentanoic acid, 2,4,5-trihydroxy	pentanoic acid, 3,4,5-trihydroxy	pentanoic acid, 3-methyl-2-hydroxy	pentanoic acid, 4-methyl-2-hydroxy	pentanoic acid, 5-amino	pentanoic acid, 5-hydroxy	phenethylamine	phenylalanine	phloroglucinol	phytol	phytosphingosine	picolinic acid	pipecolic acid	proline	propanoic acid, 3-hydroxy	protocatechuic acid	pseudo uridine	putrescine	pyrimidine, 4,5-dimethyl-2,6-dihydroxy	pyrrole-2-carboxylic acid	pyruvic acid	quinic acid	raffinose	rhamnose	ribitol	ribonic acid	ribose	sedoheptulose	serine	serotonin	sitosterol	s-methyl-l-cysteine	sorbitol	spermidine	squalene	stigmastan-3-ol	stigmasterol	suberic acid	succinic acid	sucrose	syringic acid	tartaric acid	taurine	threitol	threonic acid	threonine	thymine	tocopherol, a	tocopherol, d	tocopherol, g	tocopherol, y	trehalose	tricarballylic acid	tryptophan	tyramine	tyrosine	uracil	urea	uric acid	urocanic acid	ursodeoxycholic acid	ursolic acid	valine	vanillic acid	xanthine	xylitol	xylose
4901	Treatment						16.266772131409876		46.45988600761394	26.59716513537205	1060.446545196978			14.33513611802108	942.0670836462384				503.872855866942			30.75869786208668			4567.768906203989	393.2292496302795		3.062203258668753			28.08876899829987																																	12.068895452336356							32.17220728192926				98.27675044763173					48.79190622343582			866.3085655	20.95784525489085			13.559898588778896	69.03999313597903	38.71411870653009			307.44730971304125		246.9331272192704	6.228031836046748					1035.5905857791638														30.20512840590948			2.0734074639127416	13.968993325248428	324.7998949665784	17.847884240643058	1390.9275105347638		3826.148331440812	40765.185753182086			837.5854293322432		86420.77979473046	29513.909684350256	70.12039971973887	1675.7367430136114	36525.74000278079	2825.015116493548	8580.261091559641		16.776188190919655	76.31479087261043		3356.2823015418167		57.65262188118258	22.066485983458424	1542.4442464660203							1187.501398284758				146.37181394815323	848.5601014916584		86.94764966190655	125.26438779842992			58.96070380286011	175.7737710432554	62.36802442731704	67.62828589559226	8.890151255525037		18.928290824402893					108.6089456310497	571.5723278510388	1789.2917701611395			40864.65194207055	1690.3319936997548						16.337958219914483	3995.0431835012287			26.25415031228233								28.556134203840674		88.48190511		6.483040229044273	33.30848143		325.0876429530232			1635.105105366096		718.7235844138312	600.5796076	1.0753004086350306		3.729910747047433		387.8085941904369		216.2336009159829	497.4841296960852	30.98427065730592	507.0317760897394			68.00464103861452					10.141764887587096	91.97242634795556							16.804722698970025	643.0377541712994	759.4903855			47.78629008709223	2.573211899658186	191.69152108672287	1291.190394001438	4433.563605762028	15.211295696788785			8.779317218992542				21.15157954639074	442.1208764502703		1.7802529391005102				29.61371318116021	275.2699962559872	60.74155746844589	66.12677004565748			10.447234305347385			12.99161133371256		756.6041951220477	59.85728808212704	45.190851307479015					255.32707839796163					418.70726132359175			743.1314018736332		73.26340069067655				81.62431191267788	2.0403675072228387						29.46683555551146	191.24127658601225		70.78390212272065			804.8515427865854		363.6158368123619		868.9367438720494					1126.7538335514594		42.53924460149297	33.33221012							759.6459736802173	30.23636618314357	784.9152329198979	184.54948390333635	1152.831971003557	28.85049018162345		11.314983713321292	43.560479626453606		1148.5848347526914	136.39464811753038	5.812329108239239	38.77298990208664			225.6313660515619	696.3095781586435		39.91346913437357		353.06467682506263
4901	Control						6.847313918337309		18.56898981948456		394.8805625933255				505.9253596685861		118.04176775144444		181.47468112591497		276.4908601214498	11.159945812363878			835.1022951767972	207.4525425369006		16.927420704903067			12.41823500448821								3.692452910185623			12.789273417951016									15.20774731462517													9.199752632689789							12.272888637132656				14.595154618048335					33.897600483476566			1052.66528964932	9.980450558414502			78.10858608689027	161.2311908084979	8.575608089597146	27.14511515594063		408.4684651614437		130.2898285393491	22.87006986699533					394.6543533003593				4.919017628296405									2.748994639521833	8.420606447541822			0.469487732	4.058836102	50.57932893039427	7.919911488110599	318.7613079258283		1039.743773451106	14873.006009824354			267.95680419618566		36781.641381236725	6571.710999		300.2242149959769	10813.26093275944	1924.6283201487072	3588.1366326667685					967.329558034028		19.603828368556943		779.2691175							530.3640668430556				50.33967121909627	365.9121523			52.67142005909208			10.663906074662904	27.0473555	2.664683401518435			41.756132010995735	8.670264264778877					56.37059717844362	281.5169478	1534.391944685974			16298.948702173113	316.4307659951699		15.163436500377989	9.941829459615398			11.268740068355992	2317.840761622027			13.288416636805488	2.046745820732794					5.303159628851764		48.619135750720176		51.69606489879511		17.38225310951035	28.38030065503335		362.0053867343073			851.5572970838899		729.6394537873446	752.2552106153726	6.668863752011099				453.8982567800844		174.4068476300596	639.3714285410439	42.27458577924976	2275.7649710522205			128.75498469332402					3.5319339683018534	30.15583670607424		25.04267909006448		4.421943396877599				85.65642466782022	578.8792359751337			47.73447120635324	20.392629828404683	68.68296899247358	905.4511438862214	2190.841312767865	43.73098051833913			5.901096997759298				33.94242854458267	33.08672982431506		4.2590106363188855				34.662263756574866	159.94169438921898	150.66245815587567	19.416412590009514						10.786665995845768	72.61542444519647	39.72645533660719	11.597536655007282	52.65848888761917	21.728161218127223				2.924341324694544					208.89445436394035			438.1332621827864		15.121367089186109				63.28222212290622	2.443991408380706					5.904717725771714	8.676471227085875			46.482561392155546			299.0892029718944		383.8454456895801		327.08656853570983					276.44016992927607		8.346467731097114	39.82197358988711							758.8282112828643	13.57393690292742	181.0201936	23.210590715782057	223.2225371871681	3.659176695595325			63.78222741985889		709.1876854014037	76.87391783465644	10.65373355310421	138.91647165235932	24.97595424526425		17.731567154898666	668.7563950117129		84.95641725208647		145.10170959128348
4902	Control		1.4450661800769005						1.6255938396811282	1.497450181147706	44.90444817239288	66.56326117427047		6.051009270644883	23.09280156165637				10.171602387133897									9.308299028984925				16.313955086169273												6.105834103306803	101.0877913710418						17.402284341391226	2.674588155030916			26.56601103767177																24.160383748353865				22.46025066700568				9.968825608795296	44.89111747677987			567.1801674649598	69.70836655755744			47.75890684006118	142.3311799130417	11.083722377105127	12.948236078300951	13.047934660984096	855.1653439897909		71.04115448444315	51.994125163194376					144.15917501850893				15.96895292857929		10.140904235968748	4.716249902858658						2.978565566	1.9287263476697143	1.915207895780475	4.049527365932383		4.407954097273487			214.74849402418187		370.6372730100596	4927.868593636066			131.6341415868517		3426.3521748138423	3492.995983			1798.4051857226057	142.25579576813158	3887.049562066297		102.11425493324283	7.875061494311107		1684.1614998317416				315.50189146724125	89.82776585054782						519.0831115713913				15.985193846474004	309.71036137035924	21.70227857982704		29.950881185716515	27.138573802063966		30.44017404159652	64.71132714	0.387059563467619		11.765371537992442		2.621265372578913	4.645559664854506		601.7748246309066		19.587298006127785	161.2475308660278	10374.77401692143			2046.996560782672	49.00091460738513		21.61769437738116	6.889059409639653	0.2769405074531836	6.955806765842776		1089.630875606982			8.451191627951848		13.14284545862314			43.50716596461891	10.121377583239845		51.03440895719645		229.9422951663066		13.922127883154962	43.79011467291176		93.80491317			22907.0996207134		1324.3648986991952	1705.0875000874569	142.06165577849995	16.34850224099733	0.7951478298740562		486.5889777458734		68.38074192826831	383.3857364104418	42.84260262486939	948.3012815495396	4.041172211639728	38.99350508382262	41.930201000483805						39.83868996131449		31.893595375966072	2.9750920751521504	77.67749394626452			22.44119340496737	131.0106968715986	350.93412938149214	36.25245120700294		23.34702355968458		101.87251872758456	541.7531798770947	732.8579015469955	33.544442434801404	729.5050438440495		4.945781950561382		5222.045221		7.287102715267279	17.49606860137283		2.554142503823312					26.64449316113986		71.55147604326197						57.92037038827815	114.3637560295187	9.067501605	10.169537068095265	19.15433203311962	7.101224001790228	101.69217882425656		41.76516323366933	11.14070641					119.16853301662428			288.73751592372247		4.442782886515904			8.945741659566552	36.09069917502266						2.265091716552683	6.1055524688924425	157.81750533354747		59.49771086496575			527.7667454693277	8.564878053214834	299.9847740174321		2680.166581754266			42.88250083357028		75.21957653401391	311.90635877725583		77.56437078983025	36.48968126203148	10.316174719838273				1.856627937593767	181.40664061144284	30.944581277713787	65.29853489752156	22.73784832142569	88.99009122410554	3.0395863560404006			56.63977871		479.78835154234247	84.12710979136573	8.451942653056806	73.01719541372522	12.03686711343468		51.47319537476804	408.05878867106753	2.564093586464002	84.29355573025202		171.17786643819403
4902	Treatment		3.2269253323546865				10.766563159390245				188.6969627295164	78.23941361041409		1.153055861337263	44.21131301169408				81.84703074018329			6.5663738212960485				38.15910232087413		11.893447125945858	12.31939338093597	28.30274542480652	260.8995169845425	17.125480739362114																	6.0706003113895255		17.14461660540409				13.854367014392384													12.832703659443638			19.469437768136377				38.926402576234246				10.046169762294593	16.948300742917723			730.7685545047725	58.56646404			61.32245517733671	594.5247063		18.063457994907225		150.9278802744616		26.36053497641775	19.75045249173891					297.0859194				4.427687600676826		1.888320864632668					1.7144989728140287		6.972597874515875		0.8924029784813451	2.605729279838762	0.497319304	11.885984671221973	136.63498743854458	2.656633881705307	355.0327331821405		339.8937578902782	4778.0157358847855	9.921919891141805		105.6945307850826		2985.134763271868	2055.167226898151			3261.293987405056	363.9078305852644	4051.574658874397			30.71279848113525		3871.711963260016				172.5885612657726	75.87424188892477	18.61717213541996					174.4671276360162				13.351504172498164	124.90123684369	33.97005336161775		11.798300828216249			100.52272984193776	27.32654974042548	2.720011443610355			9.429877608597227	0.9741701609559827			1435.092408204492	1.3032111110315618		235.5586198396485	11737.10070399313			1637.3865497766665	36.449027517646414		11.26462870896196	8.510556489861846	2.564739082105388	22.51294662402741		3564.6100970401963			5.325847329945174	3.018029903333757	9.366446743444152				16.01021688087656		104.98399848887207	13.738006023947708	339.9807487910596		6.363714872			252.83915972752345	3.334917712859		9280.523026991556	11.236644503747367	733.4438978265357	1579.0299406228442	129.87992011923012		0.9474652336940574		1186.4785436448833		46.60857328849613	408.2681794784442	33.435634996891075	476.3278986902541	6.4693619098854604	5.457559655821854							94.11242793		207.2460133139568	3.1399877348213527	36.43245020750977			43.53755995662274	96.34071691142104	509.0234180882792	7.640007843071897		25.901380797906324		101.04915271946028	676.0668957649684	1573.199897869804	37.44521192003788	918.2510027279756		19.14167609601346		414.1380930610091		50.11352836256379	49.83928315146078		4.701133263059415					60.58548447010441		66.22113027758714						108.6901733242447	225.26432345778449		16.399650410967627	80.32671549993451	6.257801318463142			59.33936113771062	8.327086710150175					112.4658022917975			376.6611124051466		12.065563313827608			6.549423388423209	27.280549037377494	11.890195627816166		10.98153515868634			2.941219922925705	4.850009234801046			127.3110766870266			1106.9599053850502	19.804928411223315	224.6780943359748		3578.4500188743727			19.41032446607355		303.9236067529136	139.35617155361157		117.26922448782226	5.5085175609364265					3.0665891622870785	409.1379285765137	148.17711285673926	49.11265327434589	40.08836007999215	193.5374839861685	2.636431950702772			57.05499714023144		570.9055573699078	327.7732389277339	4.917437843556208	14.49992265125701	8.765665834922872	13.883897013799782	26.21027312	456.6754708716383		299.00888737500674		871.2043833471871
4903	Treatment	3.287539259501905	6.276400772986738						11.058864380805456		285.4979734846009				60.8479949250836				198.6227851546671						323.22087408824217	49.80119611609669	5.390897488522608	30.65466925830893			285.34715383686915											90.53434720144662							10.464470438217676						82.92217794113124							6.177792145124326	4.738369427172787					16.623177042465407			28.967244195978186	5.867048827288715		12.79257736411278	14.954727833994715				28.64640967262162	51.51615261957701		30.715764926517352	1398.346685252509	11.849927144035394			46.76418200235424	202.49331090703745		18.98429976033669	24.07860355615633	577.7665974386824		25.795315051901174	31.920457429090067					483.112844644354				6.013480994359149		6.837011114482609					11.342844066607215		1.3200832439645478	33.72053105739934	0.5953811257365654	3.771478376441796	2.4065331427155945	7.198868582022206	118.80178823194964	3.881713828056617	560.3816440664011		445.09466659220806	8714.60297		53.19041524	185.61752466549848	251.719418	11797.414046122556	723.7646232976819		60.887701625068246	2927.462780049741	555.0551329	3240.3244832356368					2279.095366611018		15.147338235025192		241.74941662776533							229.04162732743188				59.48392718748966	176.50352077482475	19.85137562602342					175.27349057143311	309.66663008133014	71.74507095650412			181.08339246310857	13.170778197115666						84.26397921436916	2313.227005			11653.262052751792	1072.6604857806897		13.863232332483191	9.366942150796884				150.8228286551997			10.662236129025164						5.286365762		198.75649362781985		151.7001054134239	24.77160612660652	12.879888229272376	23.539162808851174		415.4308001542341		11.778411209256424	2830.6252684432743		2544.7037933878423	1014.586256129671	592.7925121464065		1.2382567296315563		814.0260692019966		120.37338380482244	766.1133544495341	15.714529797512991	1171.097892210295	5.343951445446844		70.00444769115528					1.860072426352373	219.4389677781074		114.74940140616896	2.5776448885057643				60.13634556182295	181.9126263080917	802.8295476154433			88.50360177737022	64.44189002175985	89.02055669	1244.795063000022	624.4308545689759	30.21065621538676	636.8615744655491		26.821327404543005				34.58618099187115	70.20001964163212		7.339597024232967	4.099332868856423		12.333098451859556	26.06064794489248	231.8469824622584	81.69247679878919	115.0669453190296		72.09804377570461				117.60301882826964	17.860446588948175		24.779174530747245	110.83543959525188	71.01488448744952			90.06938393836681	11.332094738987069				4.346128656053783	78.31181326225148			343.2935981136275		9.785946553949737			41.64837955129429	70.97353248221691	5.627053635116349			64.00248383		4.7858639053312135	4.985165214370148	56.40764512182869		133.1072786150905			1589.535323174692	11.644812423120252	425.8334071151276		613.3996313163365					68.69818501127376	24.58711256479944		169.4326569410956	9.482661953238312						490.4579260194135	94.25174987873808	77.76787535	6.794013804002002	60.23725761703254				76.56098910436515		732.1771787176325	360.459067765828	7.897794251	197.46876805373228	37.73408867932762			829.5613704		541.6186927054264		104.55838070016596
4903	Control		10.182514211801797				2.534016737		6.404673903423122	5.273550968927785	162.78507982953315				99.99855295				71.62797341		5.938104139808929				452.0772073260272	50.902163143523005		15.845973656398508			209.82916851022213											108.1815046525435							9.750508048		4.913468161517199				20.520681129826805							4.592298530662415	3.006877852305016					13.910722744094327			18.92795938	5.722800097069037		17.00109693332048	29.38154542				7.897433065550834	34.61998908884627		26.407755415349985	1019.3393590325092	10.126125057750873			65.4698273	338.8047562516272			15.462977900716542	615.2067580897419		51.74372854867696	27.5529368					320.08153766043193				8.216117224050755		2.7354176685474663					7.672031791369315		1.656023627437689	47.24976151805375	0.7358551590612383	5.8657924284846725	1.403670512408138	8.684162736875646	181.202197	4.5317151420126605	411.9738778673006		382.2194339261293	5078.749509972135		70.0013871	110.05990038473016	210.5157025772416	11792.254848796463	2380.9538927631324		92.84598488102466	3731.093311315404	402.7597658217617	2870.9243009273364					710.3820189223275		8.348701639980408		228.89017832864533							179.62345599462128				26.79510074765296	125.3960415243377		4.421266964243495				158.24474320528958	268.4196743574432	31.655441937584985			49.26819808323472	11.440784591450528				103.7423733557494	26.48099917880732	99.21935736697876	1560.2882809441371			11669.799820107024	1407.533557815682		46.25137834151024	7.212374747742081		6.499432536952223		477.7811080388848			7.96151165						6.4120526494766175		130.57747467411343		186.46332057317844		20.12688910360341	22.185481581517603			7.088567156065533	7.927802431	7934.8375603872355		1901.4799450375533	1145.8286977089415	741.6766013423909	11.661758617999949	0.505172256		1001.8990325314784		176.7609685519315	500.0071338881911	24.100615701949625	595.9629883822254	5.188423540773773		42.417071208069565						147.8017980933049		136.7923206	4.110738261907962				40.68943490840742	218.95248314379737	930.243019882838			107.41978504678944		95.77565774830684	945.4579165741346	1569.553345172951	22.30486192556205	527.9507558768235		59.20845641144859		379.9480228778301		39.80771359052024	70.80932095675442		6.245759014734153	1.461690757691941		9.456989297215454		50.15232720246566		101.42397134574108		25.70118222746946				86.70966432091554	18.12336537255162	233.0429366075526	34.28848921351659	47.70778747	14.440905065790762			64.94158675299252	2.947226515788336				5.5165835626266055	86.39672781723623			326.7641961125441					13.187838643885025	84.53720614074423						1.6208386594141784	4.417072729644666			85.11865132975969			1554.4819845101472	14.79570624444727	280.51297311305603		351.5647052954205					192.34387049377017			349.6873193							338.8302323432645	84.22644442537545	81.96318883		60.64187492110398	1.6971892633150856		6.016707203	83.65439743	4.194467611862367	522.6459811614376	344.516061	5.424776427518902	45.88508185321251	10.616617492780607			680.5842345569683		373.9111988829265		162.2851892021616
4904	Treatment		10.12016240463003				19.69734348178172		21.828698510059		2145.5277372446462				604.3488318012662		293.2747821141771		728.6325873611963		651.6007085995956				1208.528778011536	37.55793822460867		3.139479352			199.9633702249047											166.60587139201382				13.125901351657191			17.898098665967293		114.44333939960472				28.604407290746625	16.879360024186685						18.90009027288649					26.339783604769394	124.57411612210464	30.297980675322865		21.588343178738224								29.12215012906763	61.46091032		95.66755458266134	4027.253586741351	142.51254919597756			99.77553147			101.43395967078602	153.78920050096656	1380.1653643264242			87.04519036634036				10.110491581681895	2005.1430049709893							12.839550642900152				8.347335447		6.687727879232613	8.107687736495702	19.043973248456343	27.364890837271947	7.440400953074225	9.710213861121185	65.39386890157404		669.3256759474182		1759.5383037792158	26086.77529892649		122.60810857886746	450.5235426		26182.560790374377	4757.2492883907735		33.46505725397261	5251.147887175094	779.6983065070484	16196.412640306216		87.66931226			5437.619044144965		46.77022264076601		1693.6582991192	604.3398685995094						2474.0550277420884				215.3222881826598	1250.6504011727436	252.8757448063901		119.1303862972251			430.8625236922484	708.6109175000562	324.2794404859054		15.411753673374234	1796.278703654111	73.19562841			417.7788437383404		138.63101108781788	720.3852623762788	26895.09428801169			54138.79461782472	24145.79655310028		27.293185223217467	27.26912610271234				7735.762038334166			18.22643489874308	411.4081301528223					8.908479051347557		235.5225144577447	12.573485074961155	198.1237910011846		21.93201120399276	26.864130907542787		725.8605992810376			2492.216597		2252.156579954695	2078.193335162722	387.5049221835226	23.09769917983897	1.4463777150726334	79.03421085932605	2055.424444		186.86907595312675	1648.1525955473355	28.64662868849581	56.74367158506087	12.941448094451257	33.48840875	127.54565337821766					13.505422183938974	319.8778008021202		60.346171070107246	4.954055960481169	93.0448745738726			63.81469427626234	584.3148965061432	1791.6133571396915			77.78502358290324	250.34882953216092	1038.860322103458	2517.6791665662145	6845.298607380031	55.51995867152585	4235.403426528718		38.81868331382315	8.314077250632776	99.51583449482864		75.60295570258084	522.8183692526685		8.067589202320496		129.57204459644808			276.0317047976484		227.05912913574187						257.7109204067283	74.19785589033563	61.80221960812801	58.97739581235016	281.53440305513845				103.25443312234027	109.77657764280234			6.158663101850369	23.81145308815759	523.8772064286243	6.044028468855376		1277.7770595422685		44.23741052			3.453663161137231	744.6778978745386	43.41161659299705						34.14437359764664			121.99908260686526			1424.4669325043806		845.5901048535861		3145.5075771169054			194.63946425508985		445.8718768			278.8572362146175		29.380667737632464					1956.6468942445763	149.8387872635177	346.3032065710402	202.2136056133249	882.4373555	16.462099395034123			314.07082543235947		2269.916456614624	250.98097112974648	1.067800377712624	250.9859244780858	106.17690864252128			2114.007223024441		420.4088358327728		249.0227474196139
4904	Control		8.916539417495867				13.522774787573098		20.37219667093772	0.8810220841620813	952.68656040311	247.6108843001432	109.8717833121024		239.784279582462		3563.305670190212		622.9667541589768			15.10604122321564				195.51207336784069		9.143905417			44.94177622670067	25.21934180768725		44.74776175543823	85.77945227							39.65615161		12.729956490084431	595.9477842277993				16.57147688049984						418.9994759584483	19.960974026350925									2.171065950671508		13.906402005619078	18.963306243497893	12.496495795607204		53.67225813641519				6.552305481		51.31733554020178		27.59068622214887	21.06987000084393		17.334160295017554	1261.7626174353766	78.82912931592107			56.39100019	341.2712856535391		7.8472589633129886	14.869702478117588	708.3969465			30.06123873448116				1.9418376835778384	686.7565453072472				9.25733447		8.638045695657548	7.823388072869703				0.7582816900388091		8.553905039272353	16.077129362099903	7.857416789033534	16.757365091185843	1.125148495645886	16.429267320412187			241.70241567269187		329.1858432054234	9868.330565561711		259.0306505693724	129.14371816040955		7703.991973567827	8276.531048422625			1984.730964950896	818.4657917	24576.61334218314		242.48101301417185			3929.481235757006		17.952094693017475		536.5399097982774	224.40651652122176						637.4089814713547				56.50273627344552	409.19768202940674	19.130910367886912		52.55743676358519			217.8459154825113	128.20919819411927	5.036757883533067		32.242970402159244	569.1771731354892	8.853391600933136			3668.1709997988473		25.61617419916994	360.2891055617373	32968.74417184169			5137.1662978097165	84.38105826		76.19283494724853	4.846975839654187	10.34963932956966	29.503404805327804		1997.422321703242		424.2503946675896	11.93070490297275				14.314746599585051		39.00588146980388		87.68573756166572	6.800156428619968	245.67869655099983		7.268940085623199				6.672337121636424		20083.86289402681		675.8973217206966	1401.0555271644705	181.4460242013137	18.691245811282588		43.98457044963449	2194.575730410428		50.44054588342326	687.3695700894822	64.46714882673547	284.80173161078073								5.691260454126957	429.83482865455545		60.81574907438964	13.499242491320498	39.98001696			50.280221534133965	185.4868072729472	936.9551357096994	5.472190012753835		112.2925625		431.63293310418754	1366.2045350085605	2113.550479173725	34.141975920615444	1686.3048802953365		23.845495878983314		1301.6270044756618		321.0563659841746	120.16843265082986		11.597358922243478		451.6763548159702		66.00301207568214	199.38203567027364		201.1391702228329						197.8339830304623	337.04088983512213	40.41307892629028	17.74487504831832					59.96147593129167	2.340701640204637					160.9470240059645			811.4203237307048		11.266044506658314			21.47313568194964	112.4505166683585		25.791904584135395		24.855353052700988		5.678055280690248	9.050792014102427			179.5905280363605			751.1380298037392	19.710752919434785	388.3778638383837		10291.17968817115			45.19927710871653	180.49643679353795	235.98694573393087	1036.3310070018565		349.66672861157093		82.24808415636174					862.3665600379161	85.37737167	167.54740986208034	48.49735382308268	318.1041632	10.593765741053469					1243.3681494322293	145.07829936823114	8.326877634418134	3.312636264565612	41.6181356509378			941.0541569821308	49.417991427554895	88.8782663		480.6288668730537
4906	Control		2.995166995382521								54.92862362283649	89.47992045857335			16.116433815165912		1821.082412049956		25.23947244924417						190.08973196184857	19.31425713255248					30.465465052623653	8.777734454294716										59.55642966191439		9.093399416955194					6.010044800181863		16.341429054509014				73.78602799490578							2.1763653716082607					2.947569040790793	26.41803284637432	14.422764265276214		151.93705123666524	0.9468488819857488								13.176019068163445			502.4133474111848	4.878498333660729			16.29353908792593	893.2559212113944		10.19676672631006	16.686149210309843	268.9849477635897			12.553449502583298					127.78663750919924				11.318238779129262		16.389757039079146	6.990621067169726		5.353893855595285				7.184517029	5.453031926662105		6.527782060863661	0.7590851715410806	18.87696917549044			178.77850147051194		104.6686321771876	9155.074101602437	5.136198916036188		119.20294502316348		5162.110600089543	2416.505812883268			2943.433274957158	239.90726969990584	21388.85325904576		681.5679603265687	24.36022434325833		8727.876619				953.1940105460168	615.3009490971991						2013.6884113413555	40.78254071937414			24.892124185521105	880.8775328976313		8.664433801646922	62.93573843193138			77.61561925560035	187.6718726733853	31.92640104539919	54.497321911597325	48.61094418975655		6.125681548760539			57.98321505846083			38.47476995165376	1319.6632194633569	1.7135263653021973		3680.141421594304	147.31552345540155		71.69127997488272					491.9273428074324		37.41564245898997	7.391991549294447						92.61145705392111		21.799279179028563		204.16412592143195		13.627469606806455	3.674386887286562		411.4948298771749	353.6352818970552		5604.633602126692		405.4825949870578	534.8221522663112	60.90070686414151			90.79879261755212	4442.948285965271		85.99052316781352	237.8747202340425	48.46508420007208	39.26875055616239	19.95040525573087	17.229145508244304						4.3769677384994266	175.60710523834348		50.003695382549466		35.23270682			63.70840216107072	165.32828314246123	306.66602912272623		0.710465175	87.49964113916353	226.6455451122781	12.816990324785964	553.7159121313049	519.7184160371827	21.160940965914964	806.0017161509692		34.88623458982712		956.8923424165948	15.221271055650934	86.31275840027962	4.289656153082698		0.9681657573550502					41.17266874		84.47541895064066						38.12654565195661	129.99497819386147		10.326712062465388	9.873801463865574	3.1776744899827043			19.303306682876464	1.2169599739940196					33.48997925313788			273.9400992449825					154.94083258579286	42.65754972		4.651605016373781		41.36276854620705			6.369657567542063	230.8376692602465	22.23160293223748	38.331538069891536		10.88883514583395	1163.9881227252883	11.891458318169514	193.7425099617745		742.6247476000924				64.77629001347532	61.53364285541495	78.87769508225952		76.05700525171477	202.32912256772383		1.0532872528365755			17.907927382161304	258.1733497894706	23.617929861220468	157.3021875539279		139.85096692625407	4.321047442					506.5155318658142	180.02276456569814	13.958173187021986	156.05734043475894				308.5836718699892		158.68836847691517		715.2268685167086
4906	Treatment		5.910059690041434								64.56967437793617	117.75586622244424			65.33250335551362		710.9532756550046		63.413227675766194						199.37480083948	47.371150821378365					21.52860821813353											67.83123357334107		6.091768405957297					38.18606130175096		17.420354483959272	1.0423808482172217			33.79021677008691			6.262251593				4.333126417681136				1.361547970991716	13.032404033616396	32.24073172543969			50.12951664963163			24.824640649399708	10.74102019030752					33.48473754978675			432.9921710355796	7.884159402450595			38.63841388828363	796.9136653076292		8.154296313716504	8.208540964262928	87.53058760789436	27.45648390822092	28.96186348933974	15.450600137414984					28.42919405707144				19.24577026102557			6.212062617649704						1.715405597920733	2.7542377306816466	1.897404004894253	5.157732013304097	0.5381011395993857	4.516138743356458			260.83312083540693		152.2443832870153	8091.000918		123.18279365107684	154.7167516185959		13190.953542773335	7575.561440646453			5794.398507434149	646.6808243022253	12554.114537618449					4986.961597188806		16.665998969818332		927.1806365054348	210.92739052781587						1907.171663130831				27.75117213662333	489.24177339205465			62.01336806239924			48.79056458113724	125.54022705553172	6.120375397901006		6.263048243797479	27.51630511162726	4.144972075732388			93.64784882692554	14.09202149976426	19.41813644033196	31.577991008283025	1755.1329604947523			3683.9998766246345	159.23607696358656		76.56751922189211					608.3139233577316		23.011247051226214	6.270000829181266	5.359719103256007					8.201298687821483		113.78239125284526		272.9007088		10.256222205317174	30.365054549869768		426.209417	214.7054688790247		8987.888705330128	20.239845125378345	306.82114170199804	629.9978059827696	40.185291713411935			18.63691208059325	2051.028331534422		152.65914845881687	196.01945416415845	29.75670332878837	112.01665183365648	14.517722508992412	4.408953052023068	13.379743611748117					4.573063036186218	204.3545176978534		63.87014289645697		30.654093802647854			35.210282334725505	140.90674436346148	184.5702841834064			24.36214887584901		28.49068098405932	296.5423235941836	558.9244949376513		670.2816650785497		33.09495823170816		1427.9693506102008	17.322945865821833	245.1273028761954	50.12299860083434		1.1766526534416173	1.3752358734660477			31.30988193442073	71.53500616826062		34.95600600886636						113.94751515571022	158.72976941756514	12.612569268305815	23.45954396295168	10.067850595075182		6.970980765948757		18.370975689663386	1.107344067896986					98.34902773336093	4.972112468109854		178.52124520845362					246.79288161219893	23.304921360926823				69.65114522031185			6.6892562123765344	493.0605533368643		50.96027818022983			1132.5001875391106	36.86941544469621	120.99533647470273		931.2952634428774				93.22178570387533	102.67339099654792	71.85482509591482		83.65633182554319						6.478650813459305	190.32905271858604	36.07725524753093	792.1464368400477		92.57744036887992	2.983890316639877			36.43719638667075		270.80776333268074	244.9148869081678	9.117663925957558	161.5916997989311			15.471892430152833	208.90867839252743		223.69813111360287	1.7431435166914686	721.1505457300885
4908	Control		5.028742329272903						337.1431995		70.11438598458712				79.44593980164572							7.562729629971072			662.0554572278522	65.08623240701047		10.579118661431163			195.28797423719988	8.888437881301607							3.339988372876558			35.23620026939699									19.690907527140794				25.791713172419616													22.76226455787888			20.12658378237236		35.43075594356981	5748.507602	15.16651131003583					18.262702957779737	29.992884708278464	25.439800226701248	573.1003211655222	24.22199410443052			78.05525477	160.03892847624817		16.19698734713328	6.572342231100699	236.81316660315264		29.53387247672246	38.38329217742655					237.2722858804716				9.31378422		0.9009506639205024		11.766416741259388			8.114336446484153		3.168501060620793	69.35029332860606		0.1821918885513806	1.714230847979911	2.0393288300777628		1.7614380294435767	150.9078713732064		306.0418559450405	4397.700116965829		279.1823077642517	84.76343807649287		8271.466941580882	5021.572082932811		9.826158765	2303.985509514797	687.3012905	1315.5771727099582		17.240308875785473			302.1325982047631		12.425176366491584		252.77540259212304							177.37927161751617				24.180139211114664	119.34997761050894						55.889984434328426	245.1277321492464	15.639064830605788		3.295136198197928	64.71007359598252	0.8660002223153166	5.003211915				22.60571012955549	182.86542049190075	851.0410051252454			7768.773830084513	720.4805529		7.539607745172541	10.165279741842658		7.031140371130791		1515.7860941931342			3.094318346892176	3.278330013413811	14.920734238288492				12.620374315242138		120.82833311981496		210.61371611963293		12.364963124828746	38.43601221568246		256.82446209882124	5.664915299		1972.6220318653584		2727.682326936817	1760.252015912904	19.209683299771388	20.265261568282057	0.8658931765523605		518.3024711		141.85174630423398	449.80822276550833	42.78651259086515	656.8992233948986	4.831617556789139	6.290651305881571	45.39109657223289						158.73371948852375		80.61964306957853	4.205828026547439	16.90889519367321			34.13089924399318	274.6606947369836	349.10684808823606			21.29075997740205		43.03389534905683	677.7571438297875	650.2026010330059	36.21433092840888	744.9653979187592		42.94247826749226		176.77724624665072	7.625672538589292	86.82053650322136	23.66749705231762		6.930999059885306	3.6825348143362633		3.5974869556675952	34.98710478	349.8065527	137.1447300155258	229.3650294624261		58.44773589440285				142.62081658819253	41.88508022101134	5.290897402752535	42.38712484927572	108.22101838765349	17.972555417287072			91.57112041745266	11.859171894860898				3.435901376485276	110.1402418716944			181.6391577543565					30.55797929092402	12.718588802754413	9.069398744		35.14949320140251			4.864962311949982	6.2520077854543965		42.04832500951948	123.53118511157646			945.7531158422393	68.50425714108206	191.9419913015978		240.68201456791408					90.9967663763114			346.7698785142587	212.4144935					5.862361208293982	177.35978928865816	114.89344840711816	137.9590806572148	61.837714638579946	299.6329725939738	3.2268410014318984		27.699215145416872	87.94392826256475		384.1777696996288	351.4149688290968	0.7521570534114429	53.78166461002541	13.328749651604513			389.0150071589731		415.9249738941143		584.6038870358428
4908	Treatment		7.419889412518728							2.102158203907196	22.57400696344312	77.92120531380084		2.173624968209944	10.392590455638876				17.240170568509843						256.5773313476881			8.11140585			48.49616713											19.111823293187047		9.153641479315985					50.512910324011465		13.809334493058596				37.68973090054692			4.416703552432418									10.65703186318969				52.79006863286121	12.107792798904834		1229.976374393392	47.82190624521542				12.618988668313827				440.4961146048187	9.382565199175088			31.92335521582961	1081.8827153311468	2.6065956469133136	20.057859193283186		557.7699113068868			26.83095281941608					101.6828259721663				20.177353923938284		12.48597708485298	2.332376090524298	19.12447736815413						51.11325990341584		0.3141949295804926	0.3715696558517131	8.311282716166085			138.54745366633662		159.69715821445033	3165.7506042438704		78.20937311191494	52.16239775523243		3687.362071517534	1326.8463379888722		724.3718805641729	3094.841769610125	201.3440196720341	2317.0537312948336		140.78089789802735			1581.7576453300985		3.2739543051206663		94.5378750975688							64.91986226665199				11.369686357926954	65.96094752530772			10.335503321980545			195.7834165018384	91.10330031815002	4.217833260620143		14.823098453489935	110.02948257971764				189.4904587429226	9.118986569		105.29470159743074	2297.4601903750586			4964.017602908831	727.1572150199962		80.22870464331031	17.164102322400883		8.814282196		896.4077684456773		13.477596414091916	14.299679898033189						9.876217919197892		134.8813668335427	7.7773670303389135	490.0697474551369	48.42585073228091	14.308307676419837	37.141723176688224		1162.5026897242917	1279.150541104408		12683.195876085743		826.2813295	684.7191862843566	141.99755844685137				1039.540742528212		88.99510266937216	378.5109911563856	54.23205799388325	1430.8576575512886	5.908734028097036	6.636055746091604							297.2371749578392		121.44072607020696	43.948465138529045	103.07204208872336			69.16702997378674	164.9954769216919	218.31097725830008			43.59069992809598	793.8973947299248	80.38659298778599	422.9922216102903		14.713238075366595	946.6791009748626		126.6835394031611		1128.828326884891	9.274861766	258.4187868	33.012612237144126		2.581718885898474				22.69594623130777	113.4430630983956	29.37212115	44.65277944749256						189.0607953792674	86.65079148541298	32.56382396	18.71868419136871	65.88157196415054	6.1176700613604025			23.98853122993433	2.5994058315911057					221.415683310736	6.634186394107831		207.65193224682017					3.687081093534743	35.524589914417184	1.8052188311000024		13.336963626389526	32.94359001005093		1.942112914834844	7.141499763242832			171.40706663342417			66.63391423946639	114.08540119928163	211.4539065892038		1097.1353333519853			44.347787481524485		173.99295561220953	146.89712999632332		56.93010809169505							176.82416108978865	54.66574765411883	65.29675238584214	14.881192161293376	91.01184586725152			6.296696462883384	83.60777404844167		245.74760012045897	247.1372476259353	7.663336559328694	29.101496498169386			9.162700646621966	272.9811825979187	22.82924540738151	183.1798140383141		757.1526932
4909	Control		40.77844278767529								58.25201753062352				47.641369339824976		30.38754885433669		23.42910070493045						257.87316064492484	48.84701564851236		1.974185788328746			70.09647725535766		0.4853588816030527									11.062929307865891							18.928341377280727						20.92010313950468													9.199221069735591			4.622153631820345								12.196197537717737	49.32768032590738			345.8176573044764				20.705261421332207	199.92189968623484				276.5248714765505		139.5362025917491	11.474818435236184					301.68078432480024				16.527747178798688									2.175054061416829	1.5267080430091526	1.5383889697593836		0.1374419325097263	8.112239876725788	122.53292160992228	5.010899240769619	775.1747918731908		569.4346989899436	17876.925986204416		68.87358247539423	276.0304516891506		29148.301541095723	14036.00048633484		405.5302273490377	11924.374075506845	3337.46533	8748.635979565357					5188.200971220262				729.3578304571963	130.94711890151854						687.8558252162451				54.84413444312857	452.3484734393604	14.216342860269352		70.25640770105008			22.531961863496825	91.18164171492168	4.353492316565034		6.598741106		5.982490344293498							420.7987269571456			4000.742738823303	685.2758688		11.361611696544694	6.880284190965451				110.26598350646483			9.998654963	11.959522311600908					5.1309835344635815		115.41421551220444		223.96113777067035		10.28259973393458	21.145752444109608		258.85566850242094			1140.8400904069451		1429.753949296362	410.5137255373371	3.7807994031845538	8.440288333589749			2958.6658665974182		112.63317243779198	236.48330958199736	28.88955187427437	238.86927533015665	6.017314789464748		41.91585938403655					1.6091295354990995	105.92493628942808		96.69940584261956		1.9808450082517752			23.895027764463023	113.55258145732888	256.28379043411536			20.97468690936557	52.10664921706512	17.048803845890767	252.5907617328672	643.5740869	10.007825036454848	489.6358474742728		11.040549962222928				64.40961260863075	24.88430400942183		1.5284547236447013	2.4446978845296363		3.2439134428328185		196.20692830950253	104.70870072938769	66.94612039		91.33709629				101.60321172692208	108.37869507975464		29.52468862037572		32.79316475964594			49.94480442795462	13.000325635308398					243.20169831155536			144.31675832370573					2.3876032612551428	78.70794029123117			28.28017866754737	33.32830403936212		1.853118986777288	4.169763347	47.462116239601805		53.22179563532314			1413.4773966264631	15.32777758217684	108.0904927748891		339.5733831999301				55.13211841291465	231.68364953058932			84.23007112051792							96.45519806	101.8612837908244	157.75364495036152	29.032124681151025	253.54827022376688	6.142529957525634		4.295415185433044	23.46032262129088		211.9973579250203	344.2611465231233	7.922834195308492	17.031118704455835	16.84280469843576			257.72545696368127		425.1302765982266		294.45422069783723
4909	Treatment		21.585173228752044				3.0604042166131395		6.378098094915926		122.63525470978254				84.36670945504483				29.53819591946521						297.0300857312331	43.44262302541336		1.517489226874598			49.98687653148106								1.6056347591201254			5.0420977034756085	5.182307574669108			2.912181115215501			3.1640564321726217		2.048484843482913	3.684353303589465			4.687003318537607	5.004370549379365															7.857037187294938	4.344730101926228							24.567437622185366				379.8294506731062	20.93311286392444			38.4168116708932	99.641312296385	23.24850324534197	6.090531417481992		538.9339555961134		64.34628185399286	17.10880957768864					182.25156500544043				71.76150851111365			2.130826198175172			2.3043884329210336			5.431584006154617	1.7811028432118363	0.1982949614840415	2.3227972050116232	1.3747670997252062	3.825602729	46.95770225528513	2.519402890939116	315.79325917063454		263.2202317063518	6541.547589829407		54.95412633337423	102.0042189671752		8833.140670019502	4142.755595076719			3797.093691698904	1451.7457408763084	2672.9321368041465					744.3651533818979		10.98613860987437		275.99254098610766	106.58276213203082						142.90426570619425				26.25645329	95.78543255166912	11.544422523934616		12.30819165			50.81899634473356	59.23743610865468	10.34057546				3.896812190893795						29.032452806689395	423.13836104100506			4651.928327065145	881.2885606375123		31.85800440618448	4.246665490130711				167.49769218309572			5.306144467391449	1.4443306008487031				61.98090624200466	16.05487488943401		66.54355289072559		79.83026823		4.524313088014658	15.52491882701434			19.96957607532407		875.2140123656808	17.675106721953025	1301.7568700597403	633.2493285807648	3.1911714705931136	27.138991481588167	3.6270045641825472	14.492468258658374	328.0801832738089		92.05559875232642	305.4921434563194	36.85531465003263	49.21145573626759	5.676918794674847	34.77707256789976	13.053032225447872	19.784708688776696				1.4027051185450417	29.90801732207569		34.24728976451152	1.8947174530791675	27.01264233290994			15.655772710510034	97.16119589082513	197.1092633023761			20.31011670162104	45.05696405086339	22.636855549597943	251.954453019732	610.9891381655192	9.496240883756723	370.08298043319104		11.060856567183231		54.211104977040186		33.786767258941765	32.58369985937444		1.4373136100753492	5.850654288				47.80771106353389		93.11676700514371		48.17727257759721				52.15607960512038	8.805413810644236	10.880493915453318	17.730506297256238	15.547355871585928	5.278249763329474			22.125914665878906	6.547588742422928				0.4388651266396479	139.2514455			131.98673767277043				9.989336087237357	6.361508542655467	58.23101770977269	4.722651364		45.73657260169009	9.638226660022491		3.3008877522530256	5.136913708431608	15.831890515969649		17.90255251547699			949.8860127164533	13.490164761773112	81.98491754982759		276.4066733860091				77.28513637772123	208.62795686014172			119.55501233406942					6.974282422103858	8.199353718664177	88.33633375390163	33.88080359825628	90.92326435	28.448353296944465	219.29620846208007	3.402374229919497		7.523990014107782	55.95889877145751		209.542591287118	259.10662915236765	1.6050283525100828	232.87304605433144	17.180495501947288			244.39520479272588		339.84208919695965		175.5843842165655
4910	Control								13.318303621053069		312.50646340073				109.04727481827248				167.22877544535712						821.0141311125235	18.1921977597394		7.291495705674835	85.56417986909074		142.73932355550366											51.76700102815443							36.85103248536697		45.0625143				33.714325376306235	15.216507761186136						3.875744380831717	3.3868307758684746					59.05615182445296			18.790931287160408				21.97883558427086					32.09438381549676		28.50940819732904	1539.656944401165	51.13622040592368			32.44182122142189	517.1353709437428		62.16706493037415		789.3750505342628		67.16367599308802	57.61207846686768				8.607771502250536	309.7504132470921						2.3097357356776698	1.706703207733398				0.7038636311261391			13.383961083590096		1.1032798615597397		7.492767093809184	131.13436705208355	5.242435728998351	977.9557891239538		573.7043555563764	31109.268627228663	31.340495451009083	508.597946722782	396.42842506993605		27641.55528306093	11690.058736142042		125.74850103290014	9359.212172	592.7543993296205	30355.889108075644		379.5024783734109			8629.356783877814		32.53444514178662		757.7261995002672	106.5354860580017						330.31565929566995				114.5843874922287	287.97519396033204						13.188551968896554	124.04140700693736	7.080844680035197		20.38742375420665	64.87074544	3.120292743426482			61.61874695454407		37.365349275240376	219.87980730838515	4287.026243527738			16907.68805966651	2203.228779350413		30.39940515464498	42.12004385396365			14.714697154653118	2571.2029015933635			13.780641586417987	49.93992580576982	21.14600193744698				15.78436664848557		111.1737168043676		473.8198141260841		46.56130221271847	96.42384600906963		497.99465734128097	285.03936742117617	12.182195028224813	7682.182229318617	41.48613669	3219.962334830612	1633.9676362439384	272.2048967681044	9.827515196167626	2.8318688901388143	35.40461421840537	1339.9890834619916		112.60723806975945	771.8179323972773	73.60592368630472	458.9659856817692	15.196185213258008								104.57396936470792		87.63160830254841	22.45367973297617				58.38159956053085	304.0421221886644	569.2658329252272			100.22611656277658	248.44705660366347	126.83028589184362	907.0285335818684	2007.5871278103853		2376.454660525715		35.527331142432914		130.08931910670248		164.43950574222154	72.47411409399972		6.561447253179762				39.567609997836605	138.99684819089293		263.8488122055792						142.85735066077854		126.32886610353997	25.720529312422805	236.5517221558088	39.132238490299386			67.54394213028165	4.642529746889177					79.97274346	4.961046603839652		307.3242136790571		18.785069013719607			180.2336428464418	254.2417184907858				80.31979004894545			17.71070970113451		171.3429189	159.1595515			1195.9205871083425	40.39653546	326.4543751893256		1259.8123328850018		16.301419165964685	27.72034619219652	74.80495401406431	427.1631522653952			264.46122437102866	496.9554716693408						513.0571827200887	75.64794893485224	94.51626223	36.38634961062573	185.44090493479527				49.34314636949575		730.9477252408936	200.30645792599185	20.03725062067582	142.1878790338385	31.567170024053592			573.4026438832896		342.55804033122035		340.8642341250567
4910	Treatment		3.744301006308676				2.2740172004707566		10.500243744972927		187.3898983268864	49.72336970883682	173.43362226466917		71.57724317		34.799293943471504		108.99705838805272						580.2980644861309	18.012395266637856		14.606582986760024	8.025630124060758		344.7326092122366	17.793711120873756										2.546680793178252	44.14703039023647						7.883836543982119		5.791051258019076				9.438600666915413					2.407157045296972		5.421990729180079					7.861989409082558	10.695307449433288			5.5651320221259	1.527880798			7.727501851389164					149.0664771002499		20.56482157256567	848.9522823460198	34.28219779601113			33.01031151067344	323.2323330453351		22.996308381728063	23.11767347203048	259.10354422822905			13.696947733669257					177.1423862				2.035755752004452							2.2101072376639275	3.9104952825089		1.0040460860495823		1.782172936205988		6.830492539896191	284.8452146526603	2.1557731294396967	535.4056070158312		256.2732053426373	7385.294643293255		57.31815730893677	155.17204198211525		6506.941721020664	346.2236052368753		79.77403283092539	375.3669029380704	259.3665610340978	1575.7184335244765					454.65611379809167		8.087979577231902		230.72950684516937							167.85565150417696				16.622477707037607	99.65932338940732			6.064424173288245			14.190423439825874	68.14185214203306	3.3338869721240845			12.978474910949638				104.69452052570658			74.59463041783783	2697.621655147725			7329.227447254086	1452.8176598760265		46.47658754728631	5.294951058384261				1315.669504186048			7.298574498	25.336930970740006					2.945958463144561		77.90574813573218		159.04423384629374	34.197575614403426	3.99625238	10.1569316251227		168.30443988894814			2265.28267337856	17.023174022127264	891.7384064694286	505.0976726006234	37.57345448217861		0.3571439098028717		308.94707317901344		40.02224876184585	477.0422629122678	12.366400472481118	379.0345261754622	1.859063501891452	4.745367937599228							35.38214429239905		82.97137520992723	2.4831964239084265	16.002529788134506			15.03941161389352	94.66065636503431	501.79208759871017			15.751784262582737	62.13417377367874	131.15196834712302	705.1913961425793	1532.9452190716902	31.91568493349809	993.4890255674194		3.145065306		79.34836836166481		26.02043419116909	80.24622886023178		4.038457072634894	1.2123741224132436			40.96387446246811	78.95263730450687		39.35718792802028						56.52002756254116	48.16250541187313	1.5977490701707413	2.5739897118027018	72.00872408699901	5.461783724889993			36.75581836533696	1.404884265651574			4.24338036070252	4.6346426857219125	29.35538514713569	3.332610191513072		339.9246080924415		16.72915982031338			82.60550663261576	143.85976576853787	3.219827904206902			10.077558430471376		3.171664902269236	3.220111633231572			86.83257257439979			487.1474139903882	11.539755959106213	128.77424818813554		892.6335715422612			37.697940591752406		311.0414189746122			48.82799184							232.554310067332	117.732223870556	69.49481399617008	28.65726988193612	134.47996794198525	2.255787610635734			55.30119860481668		580.8023219	181.58515714342707	0.6936465330610291	50.50312800088508	14.592609332295048			562.3476640113832		368.5767708519336		99.02923215787231
4911	Treatment	1.5252152032305442	0.7833620135274536			6.589811870502394			2.451517376995278		78.42046738607303	112.5769237543884	61.93033288883044		14.889391960436887		1482.575550045352		49.28023273997103							25.30821077249193		1.336396869292652			23.04343108663633											46.924112835273846			244.43734899476115				290.3427791160296			4.88534929			27.50536956740558	3.2525648543075483					1.865296268598572						8.685435297	10.812476429477076	78.78790890423755		44.512543800004266				17.045249995805996	3.306141406			14.244288660850732	24.51475764139313			317.5354280708636	6.462892659811359			16.95796703042093	194.58493948528127				63.77149370096971		34.04909519992754	14.47409565791343					375.1039013975189				11.060593083164054		2.1069629296110914	3.731112697896696					0.6245049358838385	4.081180849	13.77624806339256		4.666465667833659	1.0142093319892622	63.82777508866141	849.7885115	3.6431015075322577	868.1197027483257	3.041275578148948	157.6907733230764	9853.573495964249		335.34874735563017	137.64419609084715		9947.778239778268	10988.92971132946		15.528773492327952	5832.953293002865	526.7864025121936	15998.752000488375		284.5334163591371			8199.210817637922				385.2025092829288	81.36613742764403						313.49502782101246					203.7485064971741		4.466827991345056	25.86873594			36.60578907037252	71.65629764908032	5.579139631270095	34.226365966335344	19.60662531254696	64.74107324	1.523550688991973			658.6431866276695		19.003655029624632	101.41926868468768	9238.284455258678			1694.0398082632814	36.09478319913124		13.100039153973114	2.0763774804773503	1.7276617474967362	10.37418902403336		3215.5176568675347		9.820529975428697	5.184233628169137				252.25702882328767		23.57919660717635		17.755685479256062		109.8069639971265		12.411450419904291	35.14216089		159.67893154890953	5.765357161710219		1338.135766511259	6.766354411930824	113.7581046709343	1441.0495609179036	307.05699884263976	6.3720726016693305		42.33473498	2327.950602012865		64.14548924394863	110.40972621576904	38.85818893157875	15.099640915196376								3.923780221011284	118.4638944876542		59.09649739766338	4.786518757	25.047818326295484			42.38415024957157	184.17236260162093	120.3025585284356			68.69814375		82.34528793	147.1221482	1415.8782564415342		568.6072187241488		16.94808397712942		112.7269381001396	3.231550362	53.91330409089336	4.334499109378666		2.253752279025067	0.9008142994866164	63.27869345421281			111.17654711905068		155.1892164867841						116.67735054896802	189.615324161748	25.73359819258672	44.559254230824166					28.69414483016497	0.5110058712412818					582.1505388262814	13.651513527639652		68.57725840414378					45.77216495004283	10.65538789821194	24.00853724858775			17.461274523308823		1.8014205346934111	7.357881159462976			63.22584512713818			541.4433867	9.532048851	40.26761636308871		3197.7899560339147				64.93863027862768	131.7108270231812	323.2154788778471		85.22635401116989						5.715733830972822	88.20219337331503	24.09810892105085	92.83557682	15.93023352024328	121.41403791124138	3.724038512382769					194.73016835259668	78.10504193786382	2.802937946					153.82920432173168		76.10960146223698		85.02921310603917
4911	Control		1.6161760858791416							8.613864819811678	17.111799052965814	537.2108566	155.34624535058046	3.4569908324860696	26.799410744088057	80.32656268428258	3221.6976693436154			11.186375649300292											36.81110953848615			126.65694381281796								9.121848205117796	31.378668917060843	14.06315797060734	499.038025677812				519.9349769044094			42.865797398201146																	220.10144128192505		75.68137593487195				25.2878684944094					15.252650235944994		38.15542284287447	301.1708116069159	8.257739391				512.243927		19.71838532645601		253.8118706088981		34.88269867767952	34.02914584396611					218.81305615193065				13.211827448459246			4.846676331332992	8.271258453491475					3.862933078	4.205539444738103		3.4203226916582863		7.949949239672255	48.55213712		263.62967271922207		70.56672586728743	11031.198484821309		183.5786766690392	160.65071786436937		8188.831806377964	18360.77037619349			8066.087427268523	94.01989097189454	24073.94913592364		473.5666312866332	283.07323218210007		10068.862018444424				570.8810992	83.96078286410294						405.8900216100447				12.987003595101015	227.3846970520012			32.83965357862845				9.928176918068154	3.607182055775629		21.40789769399072	52.66248754865452	12.131598835083166			583.6012401687472		143.52928879462053	430.9513995174219	13073.523925310476			618.0668850426683			9.103514134703902					2073.228534731249			1.9369297218070287	12.487909456056178					30.221214976789884		99.06416784		1006.0854474296684		5.618559215020887	540.7363687336982		160.5712702259092	103.71083613036475		7457.209059777932		772.5375396365124	681.7368521596147	42.40411217050586	3.814968187133072		32.78798483473475	2814.6655647816274		49.17827339949327	106.55632089712688	27.744263544610043	148.25651587931756								2.542694815987237	8.413116008411084		10.841917356675657	4.067941320318691	10.128184958946974	17.59737412998829		80.70009621988682		131.65103347798387			54.14402859220134		88.86264659930804	225.44091520286776	1048.7336434870988		659.9226418344313		8.319964115298076		2580.113727738837	9.763540669604012	93.42449666501918			2.244719873603881							18.613896478491853						161.7211313	1214.7371691418027	34.75824923002159	18.877610784243185	82.40960939150942				21.642536756762443	1.5591367557025886					1390.671834796662	8.650718153269905		58.47772133720624					163.6662094658785	59.78851478	16.93753278771862	9.272965392		391.6414858163636			3.8796004151578014			43.84620718376825			454.05751363257815	6.556189502955581	126.13266347603285		3538.404105525795			23.44909086673736		188.34812767347728	280.81573401699563		125.25540598562267	29.371551188315784					7.41492773	82.84796034776883	12.437351867945145	74.06594061951459	7.870501601212059	94.2713825640366	3.70051914151908			25.10193509344428		151.23145029475955	50.994087140990345	18.006094265376767	7.846056173993536			126.57638501857512	138.31500509185747		84.99304658619418		190.6785917349764
4912	Control	4.511264953133546							8.849640781		198.6905172569668	164.47795644951216			66.05125378257543		438.9067975432963		134.83604998925662						71.31835552	31.65928266180656	2.2718578142918617															26.26889941011365							205.05993272899985		8.625203214989558	10.698552950032369			14.275036603894169	12.218999071304443											14.207573357563534		33.4026913187076		77.03014019923602				9.225540710817842	15.52252441204944			10.060951520672775	26.375489786652142			275.6241593949957	7.292318892491711			19.172293801856146	251.35330552091364		7.94591276		380.3178017167545			126.42744338791776					315.2444156565963				5.959822735968149		1.2709330330020523								4.490071090937616		0.8318396828915151		100.59717152874548	2062.6257960380576	8.288197516115822	1752.873463118417	13.299653143712272	378.55762428976425	10496.337652829312		372.16647152317125	247.5315786044989		16588.842738694995	5811.770022720482	38.63633314998446	147.84946954353154	3431.4613523753737	746.1726168648661	11369.337524035607					4316.734333		13.8919944204703		731.8077586545224	56.46797930985706						796.6271289011089				68.97686073075711	410.9420009915341			63.04234641631231			8.711376061	43.05738833	14.69184922708078	62.20126838323283	7.464742218268851	144.69003141244093	2.1963983488909697			523.0059059334209	8.480572572971182	17.73312963559922	122.68567866220565	10275.41392016367			2808.6617784799755	132.5873268670321		12.660033251286404	15.170846039347754		14.447615196061022		5031.987822072615		13.756058696275892	2.571599579634291	17.43789059555849			369.60216946385344		5.010989828427309		33.20713330086311		117.26882249106652		7.000340446634969	64.14202062146008		370.91541258805256	277.9932139692484		3969.960282106797	37.179468615300166	666.9258936860764	673.2995013506317	169.22910797475348		1.93104808887014		826.9583404984986		102.99906494442264	141.02659858033942	18.04482691294961	168.30403082483886		2.7826066032553034					1.7490758801256028	23.52922396	157.4733461771601		75.08907742822932	7.994744039556801	9.889770326013348	15.764429447223494		54.16584454957101	290.2975319217005	78.87330751152815	4.313688472222775		22.01685169460724		137.30315528861354	127.6252459513646	2406.804491583789		979.7725304863228		12.859395295678882		227.14525690147084		36.27131550186433			2.9676065065992585	3.676242309252898			60.76078445266333	85.33114719250321		37.54310250000981						52.00096527779193	83.41547047621474		73.67421245	48.390711184167394	10.073993897408734			12.926082210060946	3.2970817855718755					195.0902002122839	13.847044800648163		72.69820792622185			7.420957096369568		8.259550867213633	19.61883993867294	2.253769279890208			256.44992476326814			10.40921403280076			76.89311761			493.3778958150447		89.01771471667206		2873.200582360349				84.07876849307195	308.2106929361729	548.1059599617691		81.76863751371565	66.92765492			0.4001991194872384		2.3289958457065287	108.8056397537433	13.760716687967308	128.61895084553274	90.34563051	201.19830235042872	6.483225735693263		15.38123199740991			126.81941338875016	59.893776932501645						100.93945628486952		83.03755208		253.1942214705549
4912	Treatment						114.83613531106111		13.22513156506846		191.8159425461573	219.36700528652096			45.56268321303255		274.01592720999145		156.86659698649342							31.073810959459365		7.330832791547932			60.49452784								12.78481172097776			26.34113050096469									13.980912915360111				24.347754821240827							7.235720673762421									13.14006116489775		129.68290953773555	100.3235797612266	24.569430474246904								508.19939210397234	11.504208525534963			40.189227490891255	407.0936951670115		22.27991885807133		167.34465565161736		20.73993620197442	11.080751188382337					342.1450024326724				7.222079095115891		35.35101426425608								5.223019424289307		2.939949664696817		2.092845524021463	59.449052409717424	13.870454021597256	262.42816401524647		589.7949790472173	14452.12998775335		103.31525374495816	394.8229057080897		24209.8032203796	6262.298357		100.17579599255588	7177.808193614137	1308.8094328909283	24220.062445387262		183.2463786269566			12400.46327407376		25.885653347266743		2167.915320779676	623.2994540685696						3828.355010989125				100.6180105003475	2147.214983		49.65610413884132	278.1305683692504				38.60472023782304	3.034303917001968		21.62284948659692	64.92008331	1.4530175922252946			1385.1856002709158			83.07077210077082	14490.948804989372			4627.865199497704	92.20930352935378		12.361733316565306	7.030528594954231		13.58568606735099		3313.8727245865766			16.49228965091185	11.765293183519898	94.00298165500207				11.461389125894476		101.89027717550628		121.20144748062704		13.070527007074476	30.92223786338683		2290.1319290712486	14.565227200719717		563.2892022706438		1296.6115879844915	1046.9358369409372	196.0832935997093				3526.372900221901		174.61561707021664	331.6099143901512	64.54342416871518	4722.009144132055									230.91668574087768		114.01176713479664	5.282890797237957	17.585321139964886			67.29599159339232	309.8161662377325	238.657902690042			32.934749646489855	71.27440643255606	243.7041499910367	283.71963682055485	1770.306691032143	22.3799571	1635.0907950886497		42.856724515397694		93.56379860913192		128.45327279584714			2.1032661743764494	2.672044217				71.33295154091407		54.25767386923325						87.02872457196477	209.8817504006721	143.03157317610314	75.64179572951593	12.112016640785813	20.30908967638825			37.07231623652975	5.906614087576419					139.1056405214545			264.15742357506394					3.8751556674643295	5.158032459	12.1590043005683		18.154099182977053	265.9702378040915			5.1860734821216266			111.53809420689296			795.9897139	32.20890398267252	181.1902895787328		6141.231240991538			40.98839663993367	89.66098085163435	546.8044912745355	700.4988528		87.04369241520193	29.42621140515096						158.52272252745593	91.11020911645782	143.46734582731165	48.72828732450734	265.38876551428325	6.407184237		6.9128699791279296	47.11100238941344		406.9495112593725	220.68967001612387	1.2230054189352295		22.137250681393063		51.31601900720561	302.8739289712405		234.02507100858512		339.0635213895178
4913	Treatment										61.71451279378694	201.25762793608072	118.49711223820456				291.2869119		24.246859041545022							13.201662565418008					128.25997265765633										2.5694953432527203	18.32554046489644	2.1526075053692075						1631.512177704523		13.381408266441449	75.25074674009025		21.8637011468488								19.605143357960408					245.5032058956089		1518.0747944080972		509.0571889260166	0.2164022482804506										141.5085813274561	1662.6109171451883	228.24761859735904			75.65059249898586	1126.2658227242653		10.135696090894836		428.61310977585566			549.4986854616488					237.64262734960008		18.50625081190032		61.41772338046917				33.93142236225045	13.565012551386673		7.402532479626142		2.6063126648398103	70.57237450924862	50.79938275	4.189618267414756		235.64613171873336	1853.0175639958725	52.54153339137897	8489.461647011049	159.4116068529164	1298.9578715643363	31817.72144088765		563.2657913459394	1013.1877700555564		18200.87846097152	6010.867145336544		620.8914913772684	3684.166442840664	651.1013095469513	7207.937018379694		142.30746897359694			1874.1143715882647		82.70279771337938		363.06364688679855					30.16689142355301		228.66772192184408				39.08166725186111	156.0265033331951			27.41909734824753			62.50295010847292	53.79525161730094	7.203333084663678			293.43340995178727	1.7562987817352471			714.8382026	89.45692731981453	24.35393474537473	173.7769540194146	13046.42160546156		11.959841639921576	269.7851137411101			136.8117200486559	24.92966762137197		201.88207543409052		1659.7086189386812		151.11999232797757	13.223849422968309	18.84403767938712					15.524690860666324		71.10598451		2561.6411956799147	254.62956074229515	10.309010818715286	365.8045276659109		1600.0943012186592	482.4784590010691		14533.69718300592	140.05051892800932	283.65897378057014	571.9734898371114	28.59885938233516		1.3762282654388245		465.7310793601853		59.09244424459981	283.00751619510777	35.378391332922114	698.3811814	14.196212571259665						11.247772132021044	229.6889604664781	10.678952552217009		147.08101960784276	1.7308964375834557		36.666676039810106		392.0890405668217	159.53508153841375	504.74232745547374			33.17465759058917		51.95920876784868	794.1010727858495	894.0115470471166		1286.3957692839554		34.49107780524023		334.4382597400011		146.93969897170717	61.34521415760551		24.93272233364339					625.8920553655794	306.22172171458345							93.4341627	110.20598003625594	22.31853172662992	8.392902352885857	24.41840525173465				70.25838224261287	4.396695604550879	2.995225769290338		22.672396027124183	27.901098789811268	9480.056282784206	217.6643267715364		277.74472927444486	4.233831208		39.19806786683514		27.8996518208406	30.32123478042465	2.408721013178092			3839.988119677344						1160.4049655209724		34.349757169104635	928.6066458439152	64.61890106658511	290.3430057790928		3168.564452485969					129.52430198936318	271.51874334230484		123.41214428291605	16.772460436375518		4.712295614487376			14.287853939402204	215.2757025496177	46.772307330980986	52.322880302477486		18.335508473361063				65.91088358306482		826.0634919	180.80054140305484						724.2771027830985	6.957187585319421	182.18577303097783		988.5198430435456
4913	Control		3.295596774776454	1072.226675289383					3.196455780805642		163.8944294179946	120.34008233173424			102.1381323485945				144.34423957298287							34.748918386769304											136.21778431261828			14.290281235385374		2.896444261191621							834.6360597996443		23.25723468745553	45.93269552647921	83.52512257844265			29.81244756295637	64.65610642960378				5.345330354						52.21481767446254		126.27521100081972		233.9275757882215	17.67065261988883			81.42167684213244	24.27440057729444							1303.0551243143782	139.76563408641448			115.12832052335744	476.3991379680737				1064.2622624891374			425.25882229354033					215.92196638974727				8.082320692552535		9.160317218378758		50.35961270373458		95.0408796783812	22.517689466111907		3.970040272925144	69.90643744973423	8.421160277690374	4.907996909095467		8.456493817317046	112.44348921927062		1218.9314023924433		365.4648956557139	14096.58976020375	13.28334006946774	228.0231212908999	319.1087153612549		9619.510993378804	4216.7394348792295		3.426576782476794	2473.068211795331	227.9012011651551	4983.680057		66.68862623289047			2201.794896598108		19.12502252752591		297.8808942318442							248.1414951614101				33.47354586119701	167.57312977260605			29.45289967620582			16.590455837016254	22.005935562508007			13.79664709569259	663.2876772161574	6.785722157827228	118.6761702971536		2420.0831747277607	172.68885683225395	78.94936448334597	638.8731073223221	22641.202189677588			1595.8464357173605			26.817638869104407	49.07983966		80.93839685		4618.730538907622	23.64072654794576	55.53332300789804	11.80101395465351	48.29836013196026				40.60742633988779	33.30995027845667		51.03289135991756		655.4138632354679		19.299878249268165	637.2947464587788		632.6836548240557	460.6577224971783		8712.743518548026	153.7973204054112	806.6688513372648	1116.7321805540914	42.40866029953763	13.859160281185936			415.43816910748654	11.258456452400717	297.4603862822213	294.4094063202449	28.84925268419556	586.5539715784856	7.403476680311146						12.583528901843486	79.39873463	8.860823406305053		272.0334392932949					47.69691339699634	347.60411494164345	216.19246857956315			64.69532277578283		116.86367619850188	465.75390609717925	2669.781157609136		1059.8110130574871		40.08764796940897		1054.4783665384462		65.53620924814362			18.788253772549343					205.4773461907257							2.407857770016932	242.85440690591707	51.75366968292468	12.046407328764026	44.03503853744521	15.291009910819202			4.747119290941789		8.990379718	9.443762096702615			25.900002253891547	3120.5014838699185	28.710377636505378		287.4836442727618			7.434280279		22.323937419148063	65.00892411833019	2.5981152910836327			1355.757881						343.4354044001215			867.657647	26.09427200839571	110.00016848274194		5264.429620149032				94.09722825926735	391.9972776701034	391.02463462873175		9339.977266095157	156.58245754543458				36.97040144227192	32.16219266157265	151.9276196235544	30.09239791538308	79.04164585240758		91.78398154224348	2.120918365795929			30.90726958384291		729.6337104842429	138.95762204286385	2.909257522814481			32.16245151534281	63.724750564572496	357.1894700506229		154.09034287323095		631.9162828224199
4914	Control				20.633847571713066		6.471202131			18.913631655167244	92.72009639859256	138.97005205875578		5.429987947070949	188.8564202657409		349.2153467917073				5.021179428876152					36.27157309633812					218.72439284859271	10.028070818775229				123.53609103028884						32.8789102293788		18.688008591917324					18.43071726317344		9.087832552358506																	4.548501243910702							49.54633420476211								774.6587676791409	6.882463073531438			42.65480782292432	340.7935074591309	5.864386982836624	13.408258308418748		110.8937355873352		183.9288594803116	15.495804779263226					263.1408946														12.055799454797778		0.2577178373700635		9.379351198	80.56044209331962		676.0290743833365		264.9640057	18899.11853		161.5395024032362	348.7378703846973		26516.508316638425	28814.45373194844			14384.85046409666	2505.863785605674	20228.639426086167					7858.261817		31.678288446678376	15.577054672550766	1299.0162564888851	119.60975924482014						1275.3977015511553				50.70729068522767	446.4563280006653		28.525430054789503	40.416490552724746				5.685466614	1.3938301903605583		8.686274680808792	9.954391453602408	17.432367196439515			1445.7437540677834	42.91081962578966		429.7623538633021	14703.611175690206			419.8974225940413	40.34526361215247		9.549528140199786					1335.959047535676			8.253155170921662	18.54438181205077			28.16140494234375		4.096295473001956		70.66128350680772		250.90084337065088		10.744818565072942	17.824541878213243		345.2123500806824			13818.00152026782		319.7911564343972	452.1615206387797	22.628308534893463				2060.867396632427		98.6059154398948	329.9353442266503	21.701185408731813	154.57845511533085									76.88884258483772		79.35939380199304		21.693614880617098			13.266017681587275	434.2886766586514	532.8350941	5.268021296278591		20.19614309409448	68.56115503149087	83.29638830311626	719.7697731685184	1081.1600219488846	16.039176769018226	985.7223192114212		17.078684918178656		95.83190333521148		79.04111173970522	101.39890717844315		1.888900078200528	4.616102861160442				122.06314348977166		29.178308134316563						30.08549198220424	419.3734567467776	245.63708716063408	36.93554040014589	28.575438191209265	7.926236308953678				8.496584969					256.1081938148552	6.0872377400163655		336.7170446372464					221.39689590024489	73.85423371				36.81089325			5.459097160807824			146.2123817856277					287.7597188452407		6538.901205206921					434.6948194979326	809.8300551470878		28.41187213306873	517.5871975048987						542.7299876	145.2272534863054	175.68679353367065	18.286024211741427	177.52184689781578	5.301182341964189		8.139597249200884	66.96334709		485.44102909529937	263.73896627302173	11.09871409764689	13.467223125988316			423.6326785149808	575.6495228214667		190.1435166723996		897.8566374
4914	Treatment		2.907005998255495						5.986253765883251	14.764658627259626	124.34824895486382	57.251232304226			62.537885782541146				118.4965742905919			13.791273472541365			635.6222918					44.962975251791214	131.7875187026193	28.973711735502697										49.09710239489584																				2.049693289438425		1.837840783283099							9.737910024312049			24.551838563922743	63.57872282715024					4764.359127881383			404.78544713738495				23.12333578391217					52.64680883136508			38.82460976309758					227.97707929910905								66.23702534691535					0.3523569843755822	14.70930099921444		1.1718446863465286	0.3251651876085193	3.909368679677762	133.18972255083125	1.870876787116516	497.8891040637546		577.2681277	10953.00606376581			278.76218350167005		14520.048447632416	7857.347519187105			16329.082647268202	2241.6646960189832	10724.142207213925		4857.574717606981			2159.185564030617	216.3382597569228	15.256140207631464		549.8299813832297	122.94052557775584						384.2265818820058				34.80379530144616	230.3103789703508		17.374421760556956				9.501381977209894	4.785756231	0.9722487811220282			6.870839441009972	1.1602374417564092			92.83945006524498			178.59426011430253	1225.5030300176284			9447.145381717395	902.703041710588		7.414431867723464	14.521961694920764				1894.6942848286428			6.554846411713925	34.11913020971429					4.892494179506615		102.89887264774907		152.6431398		5.651267063621553	10.0490328810528		366.6601941532276	7.103796028238241	5.124882579936769	6915.205252		384.9750462342121	326.89385535702127	140.97810250125875		1.5513934674891736		1927.1664038496983		30.76114623283849	230.31719721192812	22.49881732	188.4234858740264	9.001215255781114	5.599562064992839							133.66432086634472		62.74097197809693		49.298889877770215			31.65393003176663	309.9087227227176	329.2128691887675			16.430095302085288	201.7930024032792	43.716535755806085	454.71745944734346	817.6813549701875	17.10161092791786	883.6549851514039		28.02711252983856		49.66967234831333		109.08269308029212	62.142103092880845		2.925593823508203	5.362141152922216				79.70564988766843		52.60784745092272						18.78514841	82.98538642548912	126.98147008596916	29.026390768642468	35.28099104232247	12.81691428331204			18.3038130231924	14.410678252032278					351.7295438113751	5.613685565403194		260.2425406647355		43.160280880448816			69.52747626435773	29.47266091379265	13.926258421865615		18.22337400648744	42.96295772241679			10.124601725202458			107.16603667115582			840.0546030110418	13.31837971742223	221.9876599210648		808.8385015					222.47508302430725			34.64340428529178	540.0400416821186	3.2612298821106065					324.466236677292	73.09528350882414	110.87678348012015	7.153390619	162.7403873950512	2.244662530735396		17.05290920236491	30.66276874722153		369.4462575330267	229.65379854035444	2.586548644117093	13.36521454349565	12.007653943707211		100.51898165906164	299.6245416767865		193.52986179825305		1127.597382951738
4915	Treatment		1.847893190381369				20.680038309404647		25.08802137471061		588.3810269769505	230.9922962804308			338.65425019782964		310.94014933986097		205.66247670365024						666.8631127175112	76.29387033		3.448033767522224			271.1727242449677											59.14357012931233							5.8711721855242205		12.261728627893833				16.853132111525525							6.364897227222302						10.504133775985403			6.268276163485789				20.859775586800147				10.178114417977383	33.99152349			917.5532150069348	11.132109304590577			37.123359606759294	246.31809123386972		9.716862402147548		86.57136816563727		38.65652840465203	20.41110763581528					495.5602894379358				5.613843405865094		2.336216292048438							2.300428439342982	18.582244006906794	5.303784325221428	3.309609054227536		30.78197309580833	256.65943018073875	7.560383387494606	964.5016599735084		576.6008076400025	11157.597683384402	27.17267914122396		221.89770053844657		10819.35533111394	7944.819140840946		73.40990959416905	4535.642019047252	320.5584263364425	14094.22524563022		28.497996019287065			7136.882277100357				852.2088929645245	159.90000311661245				93.95766175849607		1666.6964683922658				42.96248846619047	598.7679141			87.72363880566148			134.03753997563766	122.95539861633394	20.11762268935768		5.4004053889579415	12.495116991506428	5.186905986368617					32.58370425319741	144.52092539104942	1403.9279965075918			15674.3450053025	2169.8997663458977		15.81153986	9.701700139	1.6453818249005816			4290.582457069243			2.119708991032756	3.228764110808864	13.955605141709182				12.284257173250442		131.2419132382245		194.79850005878075	24.574837071764453	5.932066782	6.284788911989678		253.2198062516739			2050.2556955828923	21.255529079753963	987.1573350778916	1047.7674091542592	328.11469688323183	11.58071586989327	1.0922354428613656	44.72450308721517	3800.181265903653		111.30249318420805	457.0086077784311	27.654249817852264	78.50258855840582	18.666281005798336	8.435313515472073	32.786154232996026				3.6821587593208656	2.4579440997927247	234.9730963835116		96.80951778	10.825917521923657	28.02041541199985			94.53450301385314	96.86494905177754	506.3119303			20.024561995187053	67.64315445401702	157.1562472806335	493.33763665790286	6008.9463947449485	21.76300451425826	969.726993396916		12.948020554561063		69.78348903425908	13.348255202313332	90.45272346	66.92432811579937		4.1230307286700665	2.891265630234942			39.45822541379998	159.74930126688366		122.89407431984552		52.16757843608177				70.30416239043006	192.55779988818972	18.16654016724754	9.823734874806547	67.96199168721107	8.668456336355984			62.55477248753221	35.50719736657191		7.663941033316396		8.111933741797387	140.665843165054	1.0255092063419309		306.37943869731464					58.78808564386242	116.05214895647552			69.70651138881718			3.492783929824585	5.672773660748865			101.40036879326968			975.5475837803316	13.123215291475937	161.78368415969928		331.54505157428883					511.9273083323523			94.36606070197702							194.9026101757421	188.48129950660504	210.0990041111655	16.94072947998296	156.84864362727663	6.003581101966191		6.232426925098163			455.1781481217862	435.8556541735842	1.5637388676136923	286.6820623880969	22.38760383034404			567.2345188687314	4.292823525553928	466.3564808450512		197.16436563531764
4915	Control		2.7479515617791463				7.635641944274149		11.128074143165756		302.3633316629357				148.35539301041248		232.70219473081443		150.82253789373053						454.7911275623084	68.12497108694812		5.108381838124601			214.8774259744787											73.20097543089672									18.91117994	1.0811662307557872			11.38669063870245						1.8468284061142328							14.278172338215104			11.000278862414978				6.392689107106169				19.43234664473817	121.08688585933815			444.91720221224057	6.941896134484215			42.39081422062585			18.82564687069245		157.81405934639108		58.92381174	23.58180998712667					283.6631601902337				7.142616425481884				1.3560219056144045					3.2446082014135804	29.34177628748491		1.963528595402828	1.8527794097166763	17.806714016592725	130.15258422861984	5.537560148775396	934.4413118679764		546.9562367782391	13489.466767398852			229.70611657815377		22608.650739769924	2641.593208		146.24258500260936	3691.570935033576	2796.0406132458133	4758.416832103592			59.48956053746348		1637.7534103810724		20.055184733637976		529.9845796908775							401.1110577789117				35.597491447267046	248.51693637207404	17.879336433436105		46.10292923046868			23.154648965832635	74.95339469511457	8.945972245957927				9.668565293549538	1.1216128823588352				20.889737340529795	93.91419995270996	606.3391835731978			11453.116648693136	905.1935412645166		34.43563364224084	7.184878637506016				836.6288010977946			3.934319432489993		28.93539334656551				7.644820611		55.84038495555159		222.74324063435924	22.520917514406324	23.59492236794561	16.981541805209847		280.62502155448453			2255.0774405531065	21.01975163957301	1447.5584274667688	1609.5372815546598	172.24806728741592	9.469862292	0.8500857349388725		587.2567357673897		156.1775333557191	308.17947947187974	35.31204500328544	550.2146634117466	15.847724322242607							4.153901378973373	131.85083927360864		117.04938207624986	20.06537204488961	21.755961390322742			98.8449594629718	82.43199066296492	245.0026165836616			25.789128	46.23839021077514	77.44030901412891	587.9269801561735	1097.259257463812	13.596731993501413	630.6056616		16.41629732744555		44.62405440302755		107.2656295604293	26.076188276761023		3.204968465553236					101.47469786844478		72.28189839995665						255.5863251939055	123.1527918895966		11.51549456413161	88.49636592725831	34.09279531605939			56.55168118274533	27.44713812361546					146.9573106217096			148.62570978421837					5.660614799537786	37.00919053912804	14.345247209327392		66.76783967218752			3.919088897846452	5.554001057032995	56.66676754054852		125.64162263349984			1541.506719609608	23.85696826	162.60572675550426		172.99940670834138		39.60029785341906			202.98318533361527			92.95286070974576							134.4562693423327	141.24253160294282	109.71865341825008	13.471962646785776	134.77076475305162	4.059290508141307			22.508107726990897		261.5593172503377	321.1757652883414	4.734174662	157.48392994315722	21.597200717945697			308.09707320165603		406.6965285499101		386.27076776143525
4916	Treatment									11.441723055234096	15.881144080064033			5.195165358706451	13.156122495281052										296.3402425061001	38.42697538406172		24.186040958724032			6.652464713218394								4.108216626077218			156.35232292799142				8.686615290228936					14.251789382406486											3.658547892699663									9.228935783			47.26197024493187									1294.4916655400302	45.85356093328097			122.85597674414852					619.1691444231559		134.98207492733434	11.331549514590936					394.9181248				12.77098519959596									1.3121677237810772	2.698012400265338			0.5149694199961561	4.155482698983089	42.67981080825238	4.279502720296687	279.1200069898402		867.5261176079177	10593.452007496271		40.34214879382999	256.3238278964369		17036.778280058963	4176.740209280018			172.4890285957382	491.6365615686191	8181.365757775015					1772.8371441628833		16.483807877639617		684.6984689170235							222.8073957684116				36.39222650233085	224.67701254733203			24.32510407014872			76.24735525381426	38.2349195688366	5.638081795954597		10.654695931694745	27.42560460298865	5.703382482573195			56.65210641416303		50.360675863610815	144.2017797233751	7017.158278498308			10309.170682100475	2781.2658183220847		17.040487683852888	7.848390377050131				278.0596400812141			2.182872036063374	2.346636585227297				477.58853767953553	11.09889445048645		71.69399992		220.6359769941373	61.65897673017211	30.65482612280189	46.140148894317846		439.17335744567447			1548.6884346836002		1161.2189471986717	781.1138215720484	13.964175756134772		1.3567841614969265		389.08755986500273		195.82598968421465	848.6048162996641	22.377365789174046	1046.983943169722	2.4048430873048714		36.62650553639051					3.745216605044244	48.96226678799968		20.29859877444765					43.66470585001432	126.38947895029972	776.3144775218899		0.7524963939661674	26.12976205086222		82.55425625499208	1093.5373496815805	1789.350952748642	33.4981411	745.3320368286574		41.67123999398605		81.71090301563905		71.54758620353897	74.87612630692658		7.620094390193744	2.064407701438532				321.6213520472292	111.09766501975828	56.96313939663041		38.26551858				21.61247594028681	10.722389837194653	487.3131261874297	24.44297010005324	45.80031181317182	28.676317884781803			18.866342746086563	11.335395759221612					246.9383072207626			505.57808721748427					0.5325766731943649	80.12223303896377	2.337662014422385		22.536600316884066			7.420687974118883	9.489027392290996			175.7473106305388			285.39289009406224		563.2354310339003		1872.841983251461		27.545009130745434		62.43685833870076	579.7207774093923	107.36424356491476		75.10835401051655	100.28441833717676						450.4567861663305	17.593321245435483	251.9701353908196	16.524749014930595	208.5315887250892	7.478125227270323		46.791275374239945	76.18316570453342		758.0440462772494	93.73323806589951	11.066329579280051	122.59050039252892	51.06496599153917		2048.6936553196456	972.8430478919748	5.075675359	91.71267755		101.68009230549497
4916	Control		3.4757865402374817								5.868845509434387			2.2829765399287907			18.63568921986237								334.3802786071639	49.67213906178743		8.465760829			11.576251094984348								2.372530277059186			74.69961897651577				14.320872858107684	2.2580130780609724															1.5085369936741608									3.901810548503167			39.83818024237991						23.142988893612184			638.8507534694802	9.576169947			33.73064398150452	85.20544541003335				312.94725108722525		77.22722313704035	9.602635508002011					138.5387015														2.2861953244103144			0.7798041870571695	2.1701044974433548	19.80439410083165	2.377823389317692	150.4541409204429		505.31504448373465	7433.105241710159			119.4505226802294		16778.653428974012	7054.1925791013055		239.60088063528613	10524.975483097987	1050.8938640468505	2116.9131540151016			92.79963093010852		355.0506687906135				380.3197005985442							223.4742696830436				26.60840379496476	167.84816614442147						17.610112955504853	9.643406778101312	2.044858016840062		3.718983589952616		11.309163511561902			122.39985913637769			105.47484657562916	3481.342019195504			8467.688809503687	2535.159362988177		6.534704725845613	5.034536571823414				100.22543825752798			6.559453602081329						4.620171716235249		35.14340425471734		107.98134981566376		8.182007094945467	26.30934295235918		95.70497733167596			551.0476775		615.9517484395674	303.5463976019428	2.9521260693655744		0.4910434547924663		240.8662205792452		96.37026431973491	397.3394169515936	15.516186357457563	342.49647944159824	1.2231381029790491		67.94560773466233					3.732788599	20.485846539842264							15.709241897804958	97.86671298946736	476.3765268383228		0.7957550523767206	15.937990181625247		50.59500033691232	560.4705617311579		16.989817421643195	422.81123218186025		5.247047876148019				28.432167082196152	54.40375224962743		4.449433081626419	1.4290687812525398				41.53297756471824		25.93832439445553						6.193442042260055	65.26385956174474	574.4665519422638	14.59096464037955	17.433079809021045	13.748716034380818			6.591784503984636	15.059548132345384					150.47345362733205			275.17924996627335						54.373781789677246	1.428496552900269				3.400109340649656	1.875549953111909	6.3385734581047615			35.213788342046655			157.4411921587587		239.78420829364487		1252.8447656588407		19.73215027135745		22.77011059356366	352.92019110656497	165.71997737378194		33.3759339316406							308.1045540705007	7.434104638527399	171.28010568716618	26.084314152828654	265.0033847	3.158557447447301		1.875693010199977			371.1288549185453	38.98255579864684	3.4855144222260868	56.51441652697864	24.147964937287952		1663.1676862807408	512.8498613122616		21.56120667084735		63.09110850817213
4918	Treatment			54.95633460427816			2.787922465504645		10.728162951652877	17.177410896672058	245.6911129072507			9.842474424212527	144.85751894954728		85.12058393164311		83.20493291970081						432.98481588924807	65.9521116		9.095482877342324			111.97994932046926											2.733688389768884							32.702258585455326		19.16612838322706	10.00646986335986			18.47539155574895																34.10135225309472	2.579715343156924		635.7108210805691	26.45459005159112				16.18010201365632				822.1657952936989	11.470547430986656			78.47016070420023	240.55795058846903	33.519002751341866	20.844879132901823		514.6402384275326		36.78080656712783	38.09923614000673					660.7077996242335				188.9914477820416			18.736054587414863			3.7349577343510174		0.8304845427495503	12.982473840395231	27.851663075574184	5.274526548978116	6.035905078681353	2.189650291739957	90.17922491237948	2077.5883042870414	3.167076041177457	1236.3072200045085		630.2671262446834	12653.608023397375		88.94889540291635	301.3107844110272		21553.26628271794	17138.68008815083	49.61553094337259	45.60738218668644	9906.572231543763	2152.568409268037	11481.603665642351			35.93520760982897		5293.108388		32.87360916751168		596.1882435							289.339763959242				60.716785539729294	227.1355422112188						114.62278957144974	22.52225584489028					9.191827166875898					18.818900977324187	192.8532211122636	866.3480579224525		21.47071288613878	13692.371865886053	648.2127050337439		16.66247006729421	4.795391525190347		8.970122144903923		2552.206704548448			1.601158033271882	10.61048066510851	34.112910334808895			67.58956039511419	26.564836369480208		84.47009832579899		157.93560964775983		15.219811322424455	28.972312047372		327.3351390153136			1874.283829229788	26.76649660638144	966.6024546	842.86244	122.1152554233564		1.84403940076214		1328.204638630734		94.14413189482026	756.2002666180465	50.84618375582073	752.2435230359771				44.31982804887619				3.4895707687269177	82.06221851917594		103.52775855755452	12.09508797228357	10.245390769283722			69.51022260332418	272.7664446900648	576.8461575162272			31.81050812704601	115.00905581279284	106.58240598569408	949.5879075645348	1624.172194608468	38.257735428408864	1495.6801919344812		24.99746349814208		56.56775750732418	190.28781192619343	69.57649971525163	40.19706838400328		3.7617918821070138	2.3293980070113904				168.25584505807382		105.89078007500716		44.341408523125736				70.19546328005708	80.69796075	457.4697633303999	56.71033412371445	149.38384156546147	22.7762103396172			12.448619786394184	50.15310298170128					252.06163657541944	2.1979753436040164		345.6519504569141		17.744888461114353			33.97647647513383	22.192810103163065			73.96703507746071			3.083825523	9.065254048243702	89.34421412783975		82.05841970910204			1005.5183540626542	27.397341555886083	375.6410503921489		391.1956419555533	1.1221038352303654	8.857936009104764			182.6286833855131			74.85781563					22.772249878050804	10.365821131200686	598.5426975373969	154.6544884786194	189.1435618364898	43.84206706277472	276.06728734129103	4.222417810002846		2.5459301812231705	62.15039180101872		572.5098562	364.62991650286426	1.4235838687540463	263.44214412508023	35.665087965851455		2287.597517	565.3620314		441.1461147913983	36.90285344396987	244.1962407303015
4918	Control										210.3666325729004				81.16919553133481				75.46844997503436						65.66851716222273						51.36234262063956								18.857693506646747			6.891173331																									10.35416584391906				8.079397833714838			220.76288090894488	16.307406352972098					21.959679928813944			356.3125709896115	5.321452309211826			12.522846315074096	99.87409213594498			26.890161650190294	229.43528935813407		27.64918879873536	13.916746244035016					450.04680549173776				7.422382171316757									2.079558125266362	18.976890513138144		1.3246070296234962	2.3378917483923685	295.8278016466613	6711.092212071984	11.29815766335051	3708.612155970796		546.9678523818338	12037.163129876371			219.2034051		25805.447960036057	6069.031697935672	105.7505486214079	175.09511468345653	6026.020857220867	1557.0702754700062	4696.334074					1676.8892656015662				516.4638842612702							215.5880563406204				57.249815465297615	155.51816308495918						58.68767066744714	24.498069414557843	1.2548734759182671	75.32314419725047	6.349939603669989	6.073649315055906	17.500257726621733						55.361170844883006	317.1959030866963			5217.421854915147	177.91354001994085		13.081265562675686	4.492581443369577				5413.738994			10.455185857738485	13.294211785917716					3.4321467072455105		51.198198868631984		101.67515670075824		9.134544717	22.401766423314868		175.53532839689427			1244.5057599525385		752.5636302780954	357.39019124607995	129.5878568114413		0.778195614		619.4976885415649		39.96591903	232.7161814536304	15.155866326304231	236.5832540218999	2.773919245335964		12.602274264871047					3.978447959732448	30.25598987508107		62.24981041319528	18.008662703477395				30.871584026905428	58.70727978681449	200.4447486637986			78.55270006	88.30944874366406		255.36768873989897	1188.4514397870971	11.70124624630064	160.5202511411039		8.017265567854256		51.96934401229171		40.40348882049933	24.641943065646355		1.1104490068699968					108.23550876505536		55.26587933784506		28.73132576247385				34.40882680087256	127.28235315908266	274.4685132939824	11.742227102506554	43.09974273350956	32.46950692816032			10.405942732136214	4.732848237415556					108.431269467953	0.8292013566181018		101.63252339067306					59.75405423753659	23.63339538133139	6.363159234704156					1.955293593545196	5.751641135781997	51.84849455192104		25.958177662281543			665.3473349	7.327751645830514	156.12252055040446		104.26796700092612					136.7798869119877			27.277937493859174							204.24836700310416	43.90779268047299	132.16182913738552	23.737389812133504	189.3161327684613	3.068717017		5.973841100747948	20.718907392665454		194.63681393252944	150.04776959942905	2.53552523235316				771.0823504123077	212.5859882963531		161.90809207250754		79.86155369487183
